MS_system,Package,SQ reliability remediation effort,Security rating,Critical violations,Violations,Sqale rating,Cognitive complexity,Minor violations,Info violations,Security remediation effort,SQ maintainability remediation effort,Security hotspots,Effort to reach rating A,Duplicated blocks,Reliability remediation effort,Reliability rating,Code smells,SQ security remediation effort,Bugs,Major violations
Basilisk,org.dicegroup.basilisk.repositoryService.model.repo.docker.api,0,1.0,0,3,1.0,0,3,0,0,30,0,0,0,0,1.0,3,0,0,0
Basilisk,org.dicegroup.basilisk.benchmarkService.model.benchmark,0,1.0,0,19,1.0,0,6,0,0,117,0,0,0,0,1.0,19,0,0,13
Basilisk,org.dicegroup.basilisk.events.benchmark,0,1.0,0,6,1.0,0,0,0,0,30,0,0,0,0,1.0,6,0,0,6
Basilisk,org.dicegroup.basilisk.dto.benchmark,0,1.0,0,0,1.0,0,0,0,0,0,0,0,0,0,1.0,0,0,0,0
Basilisk,org.dicegroup.basilisk.repositoryService.services.benchmarking,0,1.0,0,9,1.0,13,5,3,0,47,0,0,0,0,1.0,9,0,0,1
Basilisk,org.dicegroup.basilisk.repositoryService.model.benchmarking,0,1.0,0,28,1.0,0,6,0,0,170,0,0,1,0,1.0,28,0,0,22
Basilisk,org.dicegroup.basilisk.repositoryService.repositories.benchmarking,0,1.0,0,6,1.0,0,6,0,0,60,0,0,0,0,1.0,6,0,0,0
Basilisk,org.dicegroup.basilisk.repositoryService.web.controllers.benchmarking,0,1.0,0,4,1.0,10,4,0,0,40,0,0,0,0,1.0,4,0,0,0
Basilisk,org.dicegroup.basilisk.repositoryService.services.repo.checkingService,0,1.0,0,8,1.0,20,6,1,0,62,0,0,0,0,1.0,8,0,0,1
Basilisk,org.dicegroup.basilisk.repositoryService.config,0,1.0,0,9,1.0,0,6,0,0,90,0,0,1,0,1.0,9,0,0,0
Basilisk,org.dicegroup.basilisk.benchmarkService.config,0,1.0,0,7,1.0,0,4,0,0,70,0,0,1,0,1.0,7,0,0,0
Basilisk,org.dicegroup.basilisk.repositoryService.services.repo.continuesCheckingServices,15,1.0,0,3,1.0,1,1,0,0,20,0,0,0,15,5.0,2,0,1,1
Basilisk,org.dicegroup.basilisk.repositoryService.web.controllers,0,1.0,0,13,1.0,27,9,0,0,99,0,0,0,0,1.0,13,0,0,4
Basilisk,org.dicegroup.basilisk.benchmarkService.web.controllers,0,1.0,0,1,1.0,6,1,0,0,10,0,0,0,0,1.0,1,0,0,0
Basilisk,org.dicegroup.basilisk.repositoryService.core,0,1.0,0,3,1.0,0,3,0,0,30,0,0,0,0,1.0,3,0,0,0
Basilisk,org.dicegroup.basilisk.repositoryService.model.repo.docker,0,1.0,0,8,1.0,0,6,0,0,70,0,0,0,0,1.0,8,0,0,2
Basilisk,org.dicegroup.basilisk.benchmarkService.model.dockerContainer,0,1.0,0,15,2.0,0,3,0,0,90,0,42,0,0,1.0,15,0,0,12
Basilisk,org.dicegroup.basilisk.repositoryService.dto,0,1.0,0,1,1.0,0,1,0,0,10,0,0,0,0,1.0,1,0,0,0
Basilisk,org.dicegroup.basilisk.dto,0,1.0,0,2,1.0,0,1,0,0,10,0,0,0,0,1.0,2,0,0,1
Basilisk,org.dicegroup.basilisk.events,0,1.0,0,12,1.0,0,0,0,0,60,0,0,0,0,1.0,12,0,0,12
Basilisk,org.dicegroup.basilisk.repositoryService.core.exception,0,1.0,0,2,2.0,0,2,0,0,20,0,2,0,0,1.0,2,0,0,0
Basilisk,org.dicegroup.basilisk.repositoryService.services.repo.checkingService.git,0,1.0,0,6,1.0,11,4,1,0,42,0,0,0,0,1.0,6,0,0,1
Basilisk,org.dicegroup.basilisk.repositoryService.model.repo.git,0,1.0,0,7,1.0,0,2,0,0,45,0,0,0,0,1.0,7,0,0,5
Basilisk,org.dicegroup.basilisk.events.hook,0,1.0,0,6,1.0,0,0,0,0,30,0,0,0,0,1.0,6,0,0,6
Basilisk,org.dicegroup.basilisk.benchmarkService.model.iguana,0,1.0,0,52,2.0,0,19,0,0,326,0,62,0,0,1.0,52,0,0,33
Basilisk,org.dicegroup.basilisk.benchmarkService,35,1.0,2,141,1.0,23,53,2,0,930,1,0,2,35,3.0,138,0,3,81
Basilisk,org.dicegroup.basilisk.repositoryService,15,1.0,0,113,1.0,72,65,4,0,863,0,0,2,15,5.0,112,0,1,40
Basilisk,org.dicegroup.basilisk.benchmarkService.services.jobExecution,15,1.0,1,8,1.0,6,4,1,0,65,0,0,0,15,3.0,7,0,1,2
Basilisk,org.dicegroup.basilisk.repositoryService.web.messaging,0,1.0,0,2,1.0,0,2,0,0,20,0,0,0,0,1.0,2,0,0,0
Basilisk,org.dicegroup.basilisk.benchmarkService.web.messaging,0,1.0,0,3,1.0,0,2,1,0,20,0,0,0,0,1.0,3,0,0,0
Basilisk,org.dicegroup.basilisk.repositoryService.model,0,1.0,0,49,1.0,0,16,0,0,325,0,0,1,0,1.0,49,0,0,33
Basilisk,org.dicegroup.basilisk.benchmarkService.model,0,1.0,0,111,2.0,0,35,0,0,685,0,70,1,0,1.0,111,0,0,76
Basilisk,org.dicegroup.basilisk.repositoryService.web.proxies.docker,0,1.0,0,1,1.0,5,1,0,0,10,0,0,0,0,1.0,1,0,0,0
Basilisk,org.dicegroup.basilisk.repositoryService.services.repo,15,1.0,0,13,1.0,27,9,1,0,102,0,0,0,15,5.0,12,0,1,2
Basilisk,org.dicegroup.basilisk.repositoryService.model.repo,0,1.0,0,20,1.0,0,9,0,0,145,0,0,0,0,1.0,20,0,0,11
Basilisk,org.dicegroup.basilisk.repositoryService.repositories.repo,0,1.0,0,6,1.0,0,6,0,0,60,0,0,0,0,1.0,6,0,0,0
Basilisk,org.dicegroup.basilisk.repositoryService.web.controllers.repo,0,1.0,0,9,1.0,17,5,0,0,59,0,0,0,0,1.0,9,0,0,4
Basilisk,org.dicegroup.basilisk.benchmarkService.model.repo,0,1.0,0,9,1.0,0,3,0,0,60,0,0,0,0,1.0,9,0,0,6
Basilisk,org.dicegroup.basilisk.dto.repo,0,1.0,0,0,1.0,0,0,0,0,0,0,0,0,0,1.0,0,0,0,0
Basilisk,org.dicegroup.basilisk.repositoryService.repositories,0,1.0,0,12,1.0,0,12,0,0,120,0,0,0,0,1.0,12,0,0,0
Basilisk,org.dicegroup.basilisk.benchmarkService.repositories,0,1.0,0,2,1.0,0,2,0,0,20,0,0,0,0,1.0,2,0,0,0
Basilisk,org.dicegroup.basilisk.repositoryService.services,15,1.0,0,22,1.0,40,14,4,0,149,0,0,0,15,5.0,21,0,1,3
Basilisk,org.dicegroup.basilisk.benchmarkService.services,35,1.0,2,16,1.0,17,8,1,0,115,1,0,0,35,3.0,13,0,3,5
Basilisk,org.dicegroup.basilisk,0,1.0,0,14,1.0,0,1,0,0,70,0,0,0,0,1.0,14,0,0,13
Basilisk,org.dicegroup.basilisk.benchmarkService.model.iguana.storage,0,1.0,0,19,2.0,0,11,0,0,121,0,13,0,0,1.0,19,0,0,8
Basilisk,org.dicegroup.basilisk.benchmarkService.model.iguana.task,0,1.0,0,16,2.0,0,4,0,0,100,0,24,0,0,1.0,16,0,0,12
Basilisk,org.dicegroup.basilisk.repositoryService.web,0,1.0,0,16,1.0,32,12,0,0,129,0,0,0,0,1.0,16,0,0,4
Basilisk,org.dicegroup.basilisk.benchmarkService.web,0,1.0,0,4,1.0,6,3,1,0,30,0,0,0,0,1.0,4,0,0,0
micro_webshop,io.swagger.api,0,1.0,2,3,1.0,6,0,0,0,11,0,0,2,0,1.0,3,0,0,1
micro_webshop,de.hska.iwi.vsys.microlab.api,0,1.0,1,17,1.0,27,14,1,0,43,0,0,3,0,1.0,17,0,0,1
micro_webshop,io.swagger.api,0,1.0,2,4,1.0,1,1,0,0,12,0,0,2,0,1.0,4,0,0,1
micro_webshop,io.swagger.api,0,1.0,0,0,1.0,5,0,0,0,0,0,0,2,0,1.0,0,0,0,0
micro_webshop,de.hska.iwi.oauth.server.config,0,1.0,0,1,1.0,0,0,0,0,5,0,0,0,0,1.0,1,0,0,1
micro_webshop,io.swagger.configuration,0,1.0,0,1,1.0,0,0,0,0,10,0,0,0,0,1.0,1,0,0,1
micro_webshop,io.swagger.configuration,0,1.0,0,1,1.0,0,0,0,0,10,0,0,0,0,1.0,1,0,0,1
micro_webshop,io.swagger.configuration,0,1.0,0,1,1.0,0,0,0,0,10,0,0,0,0,1.0,1,0,0,1
micro_webshop,de.hska.iwi.oauth.server.controller,0,1.0,0,1,1.0,0,0,0,0,5,0,0,0,0,1.0,1,0,0,1
micro_webshop,de.hska.iwi.oauth.server,0,1.0,0,2,1.0,0,0,0,0,10,0,0,0,0,1.0,2,0,0,2
micro_webshop,de.hska.iwi.vsys.microlab,0,1.0,1,18,1.0,27,14,1,0,53,0,0,3,0,1.0,18,0,0,2
micro_webshop,de.hska.iwi.vsys.microlab,0,1.0,0,0,1.0,0,0,0,0,0,0,0,0,0,1.0,0,0,0,0
micro_webshop,de.hska.iwi.vsys.microlab,0,1.0,0,0,1.0,0,0,0,0,0,0,0,0,0,1.0,0,0,0,0
micro_webshop,de.hska.iwi.vsys.microlab,0,1.0,0,3,1.0,0,3,0,0,3,0,0,0,0,1.0,3,0,0,0
micro_webshop,io.swagger,10,1.0,2,7,1.0,23,0,0,0,23,0,0,3,10,3.0,6,0,1,5
micro_webshop,io.swagger,0,1.0,2,6,1.0,13,1,1,0,22,0,0,4,0,1.0,6,0,0,2
micro_webshop,io.swagger,10,1.0,0,14,1.0,18,4,6,0,17,0,0,3,10,3.0,13,0,1,4
micro_webshop,io.swagger.manager,0,1.0,0,1,1.0,0,0,1,0,0,0,0,0,0,1.0,1,0,0,0
micro_webshop,io.swagger.manager,0,1.0,0,10,1.0,1,4,6,0,5,0,0,0,0,1.0,10,0,0,0
micro_webshop,io.swagger.model,10,1.0,0,3,1.0,15,0,0,0,2,0,0,1,10,3.0,2,0,1,3
micro_webshop,io.swagger.model,0,1.0,0,0,1.0,10,0,0,0,0,0,0,2,0,1.0,0,0,0,0
micro_webshop,io.swagger.model,10,1.0,0,3,1.0,10,0,0,0,2,0,0,1,10,3.0,2,0,1,3
micro_webshop,de.hska.iwi.vsys.microlab.swagger,0,1.0,0,0,1.0,0,0,0,0,0,0,0,0,0,1.0,0,0,0,0
sample-spring-cloud-webflux,pl.piomin.services.account.controller,0,1.0,0,0,1.0,0,0,0,0,0,0,0,0,0,1.0,0,0,0,0
sample-spring-cloud-webflux,pl.piomin.service.customer.controller,0,1.0,0,0,1.0,0,0,0,0,0,0,0,0,0,1.0,0,0,0,0
sample-spring-cloud-webflux,pl.piomin.service.customer,0,1.0,0,1,1.0,9,0,0,0,5,0,0,0,0,1.0,1,0,0,1
sample-spring-cloud-webflux,pl.piomin.services.account,0,1.0,0,0,1.0,0,0,0,0,0,0,0,0,0,1.0,0,0,0,0
sample-spring-cloud-webflux,pl.piomin.services.discovery,0,1.0,0,0,1.0,0,0,0,0,0,0,0,0,0,1.0,0,0,0,0
sample-spring-cloud-webflux,pl.piomin.services.gateway,0,1.0,0,0,1.0,0,0,0,0,0,0,0,0,0,1.0,0,0,0,0
sample-spring-cloud-webflux,pl.piomin.services.account.model,0,1.0,0,0,1.0,0,0,0,0,0,0,0,0,0,1.0,0,0,0,0
sample-spring-cloud-webflux,pl.piomin.service.customer.model,0,1.0,0,0,1.0,0,0,0,0,0,0,0,0,0,1.0,0,0,0,0
sample-spring-cloud-webflux,pl.piomin.services.account.repository,0,1.0,0,0,1.0,0,0,0,0,0,0,0,0,0,1.0,0,0,0,0
sample-spring-cloud-webflux,pl.piomin.service.customer.repository,0,1.0,0,0,1.0,0,0,0,0,0,0,0,0,0,1.0,0,0,0,0
sample-spring-cloud-webflux,pl.piomin.service.customer.utils,0,1.0,0,1,1.0,9,0,0,0,5,0,0,0,0,1.0,1,0,0,1
spring-boot-microservices,com.rohitghatol.microservice.auth.api,0,1.0,0,0,1.0,0,0,0,0,0,0,0,0,0,1.0,0,0,0,0
spring-boot-microservices,com.rohitghatol.microservices.task.apis,0,1.0,0,1,1.0,7,1,0,0,1,0,0,0,0,1.0,1,0,0,0
spring-boot-microservices,com.rohitghatol.microservices.comments.apis,0,1.0,0,1,1.0,3,1,0,0,1,0,0,0,0,1.0,1,0,0,0
spring-boot-microservices,com.rohitghatol.microservices.user.apis,0,1.0,0,0,1.0,3,0,0,0,0,0,0,0,0,1.0,0,0,0,0
spring-boot-microservices,com.rohitghatol.microservices.comments,0,1.0,1,2,1.0,21,1,0,0,11,0,0,2,0,1.0,2,0,0,0
spring-boot-microservices,com.rohitghatol.microservice.auth.config,0,1.0,0,0,1.0,0,0,0,0,0,0,0,0,0,1.0,0,0,0,0
spring-boot-microservices,com.rohitghatol.microservices.task.config,0,1.0,1,1,1.0,0,0,0,0,10,0,0,0,0,1.0,1,0,0,0
spring-boot-microservices,com.rohitghatol.microservices.comments.config,0,1.0,1,1,1.0,0,0,0,0,10,0,0,0,0,1.0,1,0,0,0
spring-boot-microservices,com.rohitghatol.microservice.gateway.config,0,1.0,3,3,1.0,7,0,0,0,38,0,0,0,0,1.0,3,0,0,0
spring-boot-microservices,com.rohitghatol.microservices.user.config,0,1.0,1,1,1.0,0,0,0,0,10,0,0,0,0,1.0,1,0,0,0
spring-boot-microservices,com.rohitghatol.microservices.user.dto,0,1.0,0,1,1.0,23,0,1,0,0,0,0,1,0,1.0,1,0,0,0
spring-boot-microservices,com.rohitghatol.microservices.task.dtos,0,1.0,0,1,1.0,25,0,1,0,0,0,0,1,0,1.0,1,0,0,0
spring-boot-microservices,com.rohitghatol.microservices.comments.dtos,0,1.0,0,0,1.0,18,0,0,0,0,0,0,2,0,1.0,0,0,0,0
spring-boot-microservices,com.rohitghatol.microservice.auth,0,1.0,0,0,1.0,0,0,0,0,0,0,0,0,0,1.0,0,0,0,0
spring-boot-microservices,com.rohitghatol.microservice.gateway,0,1.0,3,3,1.0,7,0,0,0,38,0,0,0,0,1.0,3,0,0,0
spring-boot-microservices,com.rohitghatol.microservices.config,0,1.0,0,0,1.0,0,0,0,0,0,0,0,0,0,1.0,0,0,0,0
spring-boot-microservices,com.rohitghatol.microservices.user,0,1.0,1,2,1.0,26,0,1,0,10,0,0,1,0,1.0,2,0,0,0
spring-boot-microservices,com.rohitghatol.microservices.task.model,15,1.0,0,1,1.0,30,0,0,0,0,0,0,2,15,3.0,0,0,1,1
spring-boot-microservices,com.rohitghatol.microservices.portal,0,1.0,0,0,1.0,0,0,0,0,0,0,0,0,0,1.0,0,0,0,0
spring-boot-microservices,com.rohitghatol.microservices.task,15,1.0,1,4,1.0,62,1,1,0,11,0,0,3,15,3.0,3,0,1,1
spring-boot-microservices,com.rohitghatol.microservices.registry,0,1.0,0,0,1.0,0,0,0,0,0,0,0,0,0,1.0,0,0,0,0
spring-boot-microservices-workshop,io.javabrains.discoveryserver,0,1.0,0,0,1.0,0,0,0,0,0,0,0,0,0,1.0,0,0,0,0
spring-boot-microservices-workshop,io.javabrains.moviecatalogservice,0,1.0,0,3,1.0,0,1,0,0,16,0,0,3,0,1.0,3,0,0,2
spring-boot-microservices-workshop,io.javabrains.movieinfoservice,0,1.0,0,0,1.0,0,0,0,0,0,0,0,1,0,1.0,0,0,0,0
spring-boot-microservices-workshop,io.javabrains.ratingsdataservice,0,1.0,0,1,1.0,0,0,0,0,10,0,0,2,0,1.0,1,0,0,1
spring-boot-microservices-workshop,io.javabrains.ratingsdataservice.model,0,1.0,0,1,1.0,0,0,0,0,10,0,0,2,0,1.0,1,0,0,1
spring-boot-microservices-workshop,io.javabrains.moviecatalogservice.models,0,1.0,0,2,1.0,0,1,0,0,11,0,0,3,0,1.0,2,0,0,1
spring-boot-microservices-workshop,io.javabrains.movieinfoservice.models,0,1.0,0,0,1.0,0,0,0,0,0,0,0,1,0,1.0,0,0,0,0
spring-boot-microservices-workshop,io.javabrains.moviecatalogservice.resources,0,1.0,0,1,1.0,0,0,0,0,5,0,0,0,0,1.0,1,0,0,1
spring-boot-microservices-workshop,io.javabrains.ratingsdataservice.resources,0,1.0,0,0,1.0,0,0,0,0,0,0,0,0,0,1.0,0,0,0,0
spring-boot-microservices-workshop,io.javabrains.movieinfoservice.resources,0,1.0,0,0,1.0,0,0,0,0,0,0,0,0,0,1.0,0,0,0,0
website,org.flowant.website.controller,0,1.0,0,3,1.0,0,0,2,0,5,0,0,0,0,1.0,3,0,0,1
website,org.flowant.website.repository.devutil,0,1.0,0,1,1.0,4,1,0,0,2,0,0,0,0,1.0,1,0,0,0
website,org.flowant.website.repository.devutil,5,1.0,1,1,1.0,1,0,0,0,0,1,0,1,5,4.0,0,0,1,0
website,org.flowant.website.event,0,1.0,0,4,1.0,3,1,1,0,15,0,0,0,0,1.0,4,0,0,2
website,org.flowant.website,0,1.0,1,6,1.0,8,2,2,0,16,0,0,0,0,1.0,6,0,0,1
website,org.flowant.website,10,1.0,3,68,1.0,32,15,18,0,394,3,0,12,10,4.0,66,0,2,32
website,org.flowant.website,5,1.0,1,100,1.0,29,62,1,0,735,1,0,1,5,4.0,99,0,1,36
website,org.flowant.website.gateway,0,1.0,0,0,1.0,0,0,0,0,0,0,0,0,0,1.0,0,0,0,0
website,org.flowant.website.registry,0,1.0,0,0,1.0,0,0,0,0,0,0,0,0,0,1.0,0,0,0,0
website,org.flowant.website.model,5,1.0,1,26,1.0,5,5,15,0,66,1,0,12,5,4.0,25,0,1,5
website,org.flowant.website.repository,0,1.0,0,1,1.0,5,1,0,0,2,0,0,0,0,1.0,1,0,0,0
website,org.flowant.website.repository,0,1.0,1,18,1.0,7,4,1,0,231,0,0,0,0,1.0,18,0,0,12
website,org.flowant.website.repository,5,1.0,1,1,1.0,1,0,0,0,0,1,0,1,5,4.0,0,0,1,0
website,org.flowant.website.rest,0,1.0,0,99,1.0,28,62,1,0,735,0,0,0,0,1.0,99,0,0,36
website,org.flowant.website.util.test,5,1.0,1,17,1.0,16,5,1,0,67,2,0,0,5,4.0,16,0,1,10
website,org.flowant.website.util,5,1.0,1,20,1.0,17,5,1,0,82,2,0,0,5,4.0,19,0,1,13
piggymetrics,com.piggymetrics.account.client,0,1.0,0,0,1.0,0,0,0,0,0,0,0,0,0,1.0,0,0,0,0
piggymetrics,com.piggymetrics.notification.client,0,1.0,0,0,1.0,0,0,0,0,0,0,0,0,0,1.0,0,0,0,0
piggymetrics,com.piggymetrics.statistics.client,0,1.0,0,0,1.0,0,0,0,0,0,0,0,0,0,1.0,0,0,0,0
piggymetrics,com.piggymetrics.account.config,0,1.0,0,0,1.0,0,0,0,0,0,0,0,1,0,1.0,0,0,0,0
piggymetrics,com.piggymetrics.notification.config,0,1.0,0,0,1.0,0,0,0,0,0,0,0,1,0,1.0,0,0,0,0
piggymetrics,com.piggymetrics.auth.config,0,1.0,3,7,1.0,0,2,1,0,35,1,0,0,0,1.0,7,0,0,1
piggymetrics,com.piggymetrics.statistics.config,0,1.0,0,0,1.0,0,0,0,0,0,0,0,0,0,1.0,0,0,0,0
piggymetrics,com.piggymetrics.account.controller,0,1.0,0,2,1.0,0,0,2,0,0,0,0,0,0,1.0,2,0,0,0
piggymetrics,com.piggymetrics.notification.controller,0,1.0,0,0,1.0,0,0,0,0,0,0,0,0,0,1.0,0,0,0,0
piggymetrics,com.piggymetrics.auth.controller,0,1.0,0,0,1.0,0,0,0,0,0,0,0,0,0,1.0,0,0,0,0
piggymetrics,com.piggymetrics.statistics.controller,0,1.0,0,0,1.0,0,0,0,0,0,0,0,0,0,1.0,0,0,0,0
piggymetrics,com.piggymetrics.notification.repository.converter,0,1.0,0,0,1.0,0,0,0,0,0,0,0,0,0,1.0,0,0,0,0
piggymetrics,com.piggymetrics.statistics.repository.converter,0,1.0,0,0,1.0,0,0,0,0,0,0,0,0,0,1.0,0,0,0,0
piggymetrics,com.piggymetrics.account.domain,0,1.0,0,0,1.0,0,0,0,0,0,0,0,4,0,1.0,0,0,0,0
piggymetrics,com.piggymetrics.notification.domain,0,1.0,0,0,1.0,0,0,0,0,0,0,0,0,0,1.0,0,0,0,0
piggymetrics,com.piggymetrics.auth.domain,0,1.0,0,0,1.0,0,0,0,0,0,0,0,0,0,1.0,0,0,0,0
piggymetrics,com.piggymetrics.statistics.domain,5,1.0,0,1,1.0,3,0,0,0,0,0,0,4,5,3.0,0,0,1,1
piggymetrics,com.piggymetrics.config,0,1.0,0,0,1.0,0,0,0,0,0,0,0,0,0,1.0,0,0,0,0
piggymetrics,com.piggymetrics.gateway,0,1.0,0,0,1.0,0,0,0,0,0,0,0,0,0,1.0,0,0,0,0
piggymetrics,com.piggymetrics.account,0,1.0,1,5,1.0,9,0,2,0,18,0,0,6,0,1.0,5,0,0,2
piggymetrics,com.piggymetrics.auth,0,1.0,3,7,1.0,0,2,1,0,35,1,0,0,0,1.0,7,0,0,1
piggymetrics,com.piggymetrics.monitoring,0,1.0,0,0,1.0,0,0,0,0,0,0,0,0,0,1.0,0,0,0,0
piggymetrics,com.piggymetrics.notification,0,1.0,0,2,1.0,10,0,0,0,40,0,0,1,0,1.0,2,0,0,2
piggymetrics,com.piggymetrics.statistics,5,1.0,1,4,1.0,14,0,0,0,18,0,0,5,5,3.0,3,0,1,3
piggymetrics,com.piggymetrics.turbine,0,1.0,0,0,1.0,0,0,0,0,0,0,0,0,0,1.0,0,0,0,0
piggymetrics,com.piggymetrics.account.repository,0,1.0,0,0,1.0,0,0,0,0,0,0,0,0,0,1.0,0,0,0,0
piggymetrics,com.piggymetrics.notification.repository,0,1.0,0,0,1.0,0,0,0,0,0,0,0,0,0,1.0,0,0,0,0
piggymetrics,com.piggymetrics.auth.repository,0,1.0,0,0,1.0,0,0,0,0,0,0,0,0,0,1.0,0,0,0,0
piggymetrics,com.piggymetrics.statistics.repository,0,1.0,0,0,1.0,0,0,0,0,0,0,0,0,0,1.0,0,0,0,0
piggymetrics,com.piggymetrics.account.service.security,0,1.0,1,3,1.0,9,0,0,0,18,0,0,1,0,1.0,3,0,0,2
piggymetrics,com.piggymetrics.auth.service.security,0,1.0,0,0,1.0,0,0,0,0,0,0,0,0,0,1.0,0,0,0,0
piggymetrics,com.piggymetrics.statistics.service.security,0,1.0,1,3,1.0,9,0,0,0,18,0,0,1,0,1.0,3,0,0,2
piggymetrics,com.piggymetrics.account.service,0,1.0,1,3,1.0,9,0,0,0,18,0,0,1,0,1.0,3,0,0,2
piggymetrics,com.piggymetrics.notification.service,0,1.0,0,2,1.0,10,0,0,0,40,0,0,0,0,1.0,2,0,0,2
piggymetrics,com.piggymetrics.auth.service,0,1.0,0,0,1.0,0,0,0,0,0,0,0,0,0,1.0,0,0,0,0
piggymetrics,com.piggymetrics.statistics.service,0,1.0,1,3,1.0,11,0,0,0,18,0,0,1,0,1.0,3,0,0,2
piggymetrics,com.piggymetrics.registry,0,1.0,0,0,1.0,0,0,0,0,0,0,0,0,0,1.0,0,0,0,0
piggymetrics,com.piggymetrics.statistics.domain.timeseries,0,1.0,0,0,1.0,3,0,0,0,0,0,0,0,0,1.0,0,0,0,0
java-microservice,com.apssouza.eventsourcing.aggregates,0,1.0,1,14,1.0,10,0,0,0,193,0,0,0,0,1.0,14,0,0,13
java-microservice,com.apssouza.annotations,0,1.0,0,0,1.0,0,0,0,0,0,0,0,0,0,1.0,0,0,0,0
java-microservice,com.apssouza.auth,0,1.0,0,0,1.0,0,0,0,0,0,0,0,0,0,1.0,0,0,0,0
java-microservice,com.apssouza.bootstrap,0,1.0,0,0,1.0,0,0,0,0,0,0,0,0,0,1.0,0,0,0,0
java-microservice,com.apssouza.bootstrap,0,1.0,0,0,1.0,0,0,0,0,0,0,0,0,0,1.0,0,0,0,0
java-microservice,com.apssouza.clients,0,1.0,0,0,1.0,0,0,0,0,0,0,0,0,0,1.0,0,0,0,0
java-microservice,com.apssouza.clients,0,1.0,0,0,1.0,0,0,0,0,0,0,0,0,0,1.0,0,0,0,0
java-microservice,com.apssouza.eventsourcing.commands,0,1.0,0,1,1.0,0,1,0,0,1,0,0,0,0,1.0,1,0,0,0
java-microservice,com.apssouza.configuration,0,1.0,0,1,1.0,0,1,0,0,2,1,0,0,0,1.0,1,0,0,0
java-microservice,com.apssouza.configuration,0,1.0,0,3,1.0,1,0,0,0,30,0,0,0,0,1.0,3,0,0,3
java-microservice,com.apssouza.configuration,0,1.0,0,1,1.0,0,0,0,0,5,0,0,0,0,1.0,1,0,0,1
java-microservice,com.apssouza.configuration,0,1.0,0,1,1.0,0,0,0,0,1,0,0,0,0,1.0,1,0,0,1
java-microservice,com.apssouza.mailservice.configurations,0,1.0,0,0,1.0,0,0,0,0,0,0,0,0,0,1.0,0,0,0,0
java-microservice,com.apssouza.mailservice.controllers,0,1.0,0,1,1.0,3,0,0,0,5,0,0,0,0,1.0,1,0,0,1
java-microservice,com.apssouza.controllers,0,1.0,0,0,1.0,0,0,0,0,0,0,0,0,0,1.0,0,0,0,0
java-microservice,com.apssouza.controllers,0,1.0,0,2,1.0,3,1,1,0,5,0,0,0,0,1.0,2,0,0,0
java-microservice,com.apssouza.controllers,0,1.0,0,2,1.0,1,2,0,0,10,0,0,0,0,1.0,2,0,0,0
java-microservice,com.apssouza.eventsourcing.entities,0,1.0,0,1,1.0,0,0,0,0,10,0,0,2,0,1.0,1,0,0,1
java-microservice,com.apssouza.entities,0,1.0,1,4,1.0,6,3,0,0,36,0,0,1,0,1.0,4,0,0,0
java-microservice,com.apssouza.entities,0,1.0,0,0,1.0,0,0,0,0,0,0,0,1,0,1.0,0,0,0,0
java-microservice,com.apssouza.eventsourcing.events,0,1.0,1,11,1.0,0,5,0,0,38,0,0,2,0,1.0,11,0,0,1
java-microservice,com.apssouza.events,0,1.0,0,0,1.0,0,0,0,0,0,0,0,0,0,1.0,0,0,0,0
java-microservice,com.apssouza.eventsourcing,0,1.0,2,34,1.0,12,8,0,0,305,0,0,4,0,1.0,34,0,0,20
java-microservice,com.apssouza.eventsourcing.eventstore,0,1.0,0,2,1.0,2,0,0,0,40,0,0,0,0,1.0,2,0,0,2
java-microservice,com.apssouza.exceptions,0,1.0,0,0,1.0,0,0,0,0,0,0,0,0,0,1.0,0,0,0,0
java-microservice,com.apssouza.exceptions,0,1.0,0,0,1.0,0,0,0,0,0,0,0,0,0,1.0,0,0,0,0
java-microservice,com.apssouza.exceptions,0,1.0,0,0,1.0,0,0,0,0,0,0,0,0,0,1.0,0,0,0,0
java-microservice,com.apssouza.helpers,0,1.0,1,2,1.0,3,0,1,0,20,0,0,0,0,1.0,2,0,0,0
java-microservice,com.apssouza.mailservice.integration.reminder,0,1.0,1,2,1.0,0,1,0,0,32,0,0,1,0,1.0,2,0,0,0
java-microservice,com.apssouza.integrations.socket,0,1.0,0,2,1.0,0,1,0,0,25,0,0,0,0,1.0,2,0,0,1
java-microservice,com.apssouza,0,1.0,3,37,1.0,15,9,0,0,342,0,0,5,0,1.0,37,0,0,21
java-microservice,com.apssouza,0,1.0,0,2,1.0,0,1,0,0,7,1,0,0,0,1.0,2,0,0,1
java-microservice,com.apssouza,0,1.0,0,5,1.0,1,0,1,0,35,0,0,2,0,1.0,5,0,0,4
java-microservice,com.apssouza,10,1.0,3,19,1.0,12,6,6,0,103,0,0,1,10,3.0,18,0,1,4
java-microservice,com.apssouza,0,1.0,0,4,1.0,1,2,0,0,16,0,0,1,0,1.0,4,0,0,2
java-microservice,com.apssouza.config,0,1.0,0,0,1.0,0,0,0,0,0,0,0,0,0,1.0,0,0,0,0
java-microservice,com.apssouza.discovery,0,1.0,0,0,1.0,0,0,0,0,0,0,0,0,0,1.0,0,0,0,0
java-microservice,de.codecentric.boot.admin,0,1.0,0,0,1.0,0,0,0,0,0,0,0,0,0,1.0,0,0,0,0
java-microservice,com.apssouza.listeners,0,1.0,0,1,1.0,0,0,1,0,0,0,0,0,0,1.0,1,0,0,0
java-microservice,com.apssouza.mailservice,0,1.0,1,3,1.0,3,1,0,0,37,0,0,1,0,1.0,3,0,0,1
java-microservice,com.apssouza.monitors,0,1.0,0,2,1.0,0,0,2,0,0,0,0,0,0,1.0,2,0,0,0
java-microservice,com.apssouza.pojos,0,1.0,0,0,1.0,0,0,0,0,0,0,0,0,0,1.0,0,0,0,0
java-microservice,com.apssouza.pojos,0,1.0,0,0,1.0,0,0,0,0,0,0,0,2,0,1.0,0,0,0,0
java-microservice,com.apssouza.pojos,0,1.0,0,0,1.0,0,0,0,0,0,0,0,0,0,1.0,0,0,0,0
java-microservice,com.apssouza.eventsourcing.queries,0,1.0,0,1,1.0,0,0,0,0,10,0,0,0,0,1.0,1,0,0,1
java-microservice,com.apssouza.repositories,0,1.0,0,0,1.0,0,0,0,0,0,0,0,0,0,1.0,0,0,0,0
java-microservice,com.apssouza.repositories,0,1.0,0,0,1.0,0,0,0,0,0,0,0,0,0,1.0,0,0,0,0
java-microservice,com.apssouza.mailservice.repository,0,1.0,0,0,1.0,0,0,0,0,0,0,0,0,0,1.0,0,0,0,0
java-microservice,com.apssouza.eventsourcing.services,0,1.0,0,1,1.0,0,1,0,0,2,0,0,0,0,1.0,1,0,0,0
java-microservice,com.apssouza.services,0,1.0,0,1,1.0,0,0,0,0,5,0,0,0,0,1.0,1,0,0,1
java-microservice,com.apssouza.services,0,1.0,0,1,1.0,0,0,1,0,0,0,0,0,0,1.0,1,0,0,0
java-microservice,com.apssouza.services,10,1.0,0,2,1.0,0,1,0,0,2,0,0,0,10,3.0,1,0,1,1
java-microservice,com.apssouza.services,0,1.0,0,0,1.0,0,0,0,0,0,0,0,0,0,1.0,0,0,0,0
java-microservice,com.apssouza.infra,0,1.0,0,1,1.0,0,0,0,0,10,0,0,0,0,1.0,1,0,0,1
java-microservice,com.apssouza.monitoring,0,1.0,0,1,1.0,4,0,0,0,10,0,0,0,0,1.0,1,0,0,1
java-microservice,com.apssouza.validation,0,1.0,1,2,1.0,0,0,1,0,5,0,0,0,0,1.0,2,0,0,0
train-ticket,org.myproject.ms.monitoring.antn,15,1.0,1,3,1.0,83,1,0,0,10,0,0,0,15,2.0,2,0,1,1
train-ticket,org.myproject.ms.monitoring.instrument.async,0,1.0,0,5,1.0,38,0,1,0,45,0,0,2,0,1.0,5,0,0,1
train-ticket,inside_payment.async,0,1.0,0,0,1.0,0,0,0,0,0,0,0,0,0,1.0,0,0,0,0
train-ticket,org.myproject.ms.monitoring.atcfg,0,1.0,0,4,1.0,12,1,0,0,16,1,0,0,0,1.0,4,0,0,3
train-ticket,org.myproject.ms.monitoring.instrument.web.client,0,1.0,0,4,1.0,24,1,0,0,7,0,0,0,0,1.0,4,0,0,3
train-ticket,notification.config,0,1.0,1,2,1.0,0,1,0,0,4,0,0,3,0,1.0,2,0,0,0
train-ticket,fdse.microservice.config,0,1.0,0,0,1.0,0,0,0,0,0,0,0,1,0,1.0,0,0,0,0
train-ticket,consign.config,0,1.0,0,0,1.0,0,0,0,0,0,0,0,3,0,1.0,0,0,0,0
train-ticket,adminroute.config,0,1.0,0,0,1.0,0,0,0,0,0,0,0,3,0,1.0,0,0,0,0
train-ticket,rebook.config,0,1.0,0,0,1.0,0,0,0,0,0,0,0,3,0,1.0,0,0,0,0
train-ticket,security.config,0,1.0,0,0,1.0,0,0,0,0,0,0,0,3,0,1.0,0,0,0,0
train-ticket,price.config,0,1.0,0,0,1.0,0,0,0,0,0,0,0,1,0,1.0,0,0,0,0
train-ticket,train.config,0,1.0,0,0,1.0,0,0,0,0,0,0,0,3,0,1.0,0,0,0,0
train-ticket,travel2.config,0,1.0,0,1,1.0,0,1,0,0,10,0,0,1,0,1.0,1,0,0,0
train-ticket,execute.config,0,1.0,0,0,1.0,0,0,0,0,0,0,0,3,0,1.0,0,0,0,0
train-ticket,preserveOther.config,0,1.0,1,4,1.0,0,3,0,0,24,0,0,3,0,1.0,4,0,0,0
train-ticket,route.config,0,1.0,0,0,1.0,0,0,0,0,0,0,0,2,0,1.0,0,0,0,0
train-ticket,plan.config,0,1.0,0,0,1.0,0,0,0,0,0,0,0,3,0,1.0,0,0,0,0
train-ticket,assurance.config,0,1.0,0,0,1.0,0,0,0,0,0,0,0,3,0,1.0,0,0,0,0
train-ticket,edu.fudan.common.config,0,1.0,0,0,1.0,0,0,0,0,0,0,0,0,0,1.0,0,0,0,0
train-ticket,other.config,0,1.0,0,0,1.0,0,0,0,0,0,0,0,1,0,1.0,0,0,0,0
train-ticket,food_delivery.config,0,1.0,0,0,1.0,0,0,0,0,0,0,0,3,0,1.0,0,0,0,0
train-ticket,auth.config,0,1.0,0,0,1.0,0,0,0,0,0,0,0,0,0,1.0,0,0,0,0
train-ticket,inside_payment.config,0,1.0,0,0,1.0,0,0,0,0,0,0,0,3,0,1.0,0,0,0,0
train-ticket,verifycode.config,0,1.0,0,0,1.0,0,0,0,0,0,0,0,2,0,1.0,0,0,0,0
train-ticket,adminbasic.config,0,1.0,0,0,1.0,0,0,0,0,0,0,0,2,0,1.0,0,0,0,0
train-ticket,trainFood.config,0,1.0,0,1,1.0,0,1,0,0,10,0,0,3,0,1.0,1,0,0,0
train-ticket,contacts.config,0,1.0,0,0,1.0,0,0,0,0,0,0,0,3,0,1.0,0,0,0,0
train-ticket,adminuser.config,0,1.0,0,0,1.0,0,0,0,0,0,0,0,2,0,1.0,0,0,0,0
train-ticket,foodsearch.config,0,1.0,1,2,1.0,0,1,0,0,4,0,0,2,0,1.0,2,0,0,0
train-ticket,order.config,0,1.0,0,0,1.0,0,0,0,0,0,0,0,2,0,1.0,0,0,0,0
train-ticket,seat.config,0,1.0,0,0,1.0,0,0,0,0,0,0,0,2,0,1.0,0,0,0,0
train-ticket,delivery.config,0,1.0,1,2,1.0,0,1,0,0,4,0,0,0,0,1.0,2,0,0,0
train-ticket,waitorder.config,0,1.0,0,0,1.0,0,0,0,0,0,0,0,2,0,1.0,0,0,0,0
train-ticket,travel.config,0,1.0,0,0,1.0,0,0,0,0,0,0,0,2,0,1.0,0,0,0,0
train-ticket,admintravel.config,0,1.0,0,0,1.0,0,0,0,0,0,0,0,3,0,1.0,0,0,0,0
train-ticket,cancel.config,0,1.0,0,0,1.0,0,0,0,0,0,0,0,3,0,1.0,0,0,0,0
train-ticket,user.config,0,1.0,0,0,1.0,0,0,0,0,0,0,0,2,0,1.0,0,0,0,0
train-ticket,travelplan.config,0,1.0,0,0,1.0,0,0,0,0,0,0,0,3,0,1.0,0,0,0,0
train-ticket,adminorder.config,0,1.0,0,0,1.0,0,0,0,0,0,0,0,3,0,1.0,0,0,0,0
train-ticket,com.trainticket.config,0,1.0,0,0,1.0,0,0,0,0,0,0,0,3,0,1.0,0,0,0,0
train-ticket,consignprice.config,0,1.0,0,0,1.0,0,0,0,0,0,0,0,3,0,1.0,0,0,0,0
train-ticket,preserve.config,0,1.0,1,2,1.0,0,1,0,0,4,0,0,3,0,1.0,2,0,0,0
train-ticket,food.config,0,1.0,0,0,1.0,0,0,0,0,0,0,0,3,0,1.0,0,0,0,0
train-ticket,fdse.microservice.config,0,1.0,0,0,1.0,0,0,0,0,0,0,0,3,0,1.0,0,0,0,0
train-ticket,auth.constant,0,1.0,0,0,1.0,0,0,0,0,0,0,0,0,0,1.0,0,0,0,0
train-ticket,notification.controller,0,1.0,0,7,1.0,0,7,0,0,32,0,0,0,0,1.0,7,0,0,0
train-ticket,fdse.microservice.controller,0,1.0,0,0,1.0,0,0,0,0,0,0,0,0,0,1.0,0,0,0,0
train-ticket,consign.controller,0,1.0,0,0,1.0,0,0,0,0,0,0,0,0,0,1.0,0,0,0,0
train-ticket,adminroute.controller,0,1.0,0,0,1.0,0,0,0,0,0,0,0,0,0,1.0,0,0,0,0
train-ticket,rebook.controller,0,1.0,0,0,1.0,0,0,0,0,0,0,0,0,0,1.0,0,0,0,0
train-ticket,security.controller,0,1.0,0,0,1.0,0,0,0,0,0,0,0,0,0,1.0,0,0,0,0
train-ticket,price.controller,0,1.0,0,0,1.0,0,0,0,0,0,0,0,0,0,1.0,0,0,0,0
train-ticket,train.controller,0,1.0,1,15,1.0,15,0,0,0,80,0,0,0,0,1.0,15,0,0,14
train-ticket,travel2.controller,0,1.0,0,2,1.0,2,2,0,0,20,0,0,0,0,1.0,2,0,0,0
train-ticket,execute.controller,0,1.0,0,0,1.0,0,0,0,0,0,0,0,0,0,1.0,0,0,0,0
train-ticket,preserveOther.controller,0,1.0,0,1,1.0,0,1,0,0,10,0,0,0,0,1.0,1,0,0,0
train-ticket,route.controller,0,1.0,0,0,1.0,0,0,0,0,0,0,0,0,0,1.0,0,0,0,0
train-ticket,plan.controller,0,1.0,0,0,1.0,0,0,0,0,0,0,0,0,0,1.0,0,0,0,0
train-ticket,assurance.controller,0,1.0,0,0,1.0,0,0,0,0,0,0,0,0,0,1.0,0,0,0,0
train-ticket,other.controller,0,1.0,0,0,1.0,0,0,0,0,0,0,0,0,0,1.0,0,0,0,0
train-ticket,food_delivery.controller,0,1.0,0,0,1.0,0,0,0,0,0,0,0,0,0,1.0,0,0,0,0
train-ticket,auth.controller,0,1.0,0,3,1.0,1,0,0,0,15,0,0,0,0,1.0,3,0,0,3
train-ticket,inside_payment.controller,0,1.0,0,0,1.0,0,0,0,0,0,0,0,0,0,1.0,0,0,0,0
train-ticket,verifycode.controller,0,1.0,0,0,1.0,1,0,0,0,0,0,0,0,0,1.0,0,0,0,0
train-ticket,adminbasic.controller,0,1.0,0,0,1.0,0,0,0,0,0,0,0,0,0,1.0,0,0,0,0
train-ticket,trainFood.controller,0,1.0,0,1,1.0,0,1,0,0,10,0,0,0,0,1.0,1,0,0,0
train-ticket,contacts.controller,0,1.0,0,0,1.0,0,0,0,0,0,0,0,0,0,1.0,0,0,0,0
train-ticket,config.controller,0,1.0,0,0,1.0,0,0,0,0,0,0,0,0,0,1.0,0,0,0,0
train-ticket,adminuser.controller,0,1.0,0,0,1.0,0,0,0,0,0,0,0,0,0,1.0,0,0,0,0
train-ticket,foodsearch.controller,0,1.0,0,1,1.0,0,1,0,0,5,0,0,0,0,1.0,1,0,0,0
train-ticket,order.controller,0,1.0,0,0,1.0,0,0,0,0,0,0,0,0,0,1.0,0,0,0,0
train-ticket,seat.controller,0,1.0,0,0,1.0,0,0,0,0,0,0,0,0,0,1.0,0,0,0,0
train-ticket,waitorder.controller,0,1.0,0,0,1.0,0,0,0,0,0,0,0,0,0,1.0,0,0,0,0
train-ticket,travel.controller,0,1.0,0,2,1.0,4,2,0,0,11,0,0,0,0,1.0,2,0,0,0
train-ticket,admintravel.controller,0,1.0,0,0,1.0,0,0,0,0,0,0,0,0,0,1.0,0,0,0,0
train-ticket,cancel.controller,0,1.0,0,0,1.0,1,0,0,0,0,0,0,0,0,1.0,0,0,0,0
train-ticket,user.controller,0,1.0,0,0,1.0,0,0,0,0,0,0,0,0,0,1.0,0,0,0,0
train-ticket,travelplan.controller,0,1.0,0,0,1.0,0,0,0,0,0,0,0,0,0,1.0,0,0,0,0
train-ticket,adminorder.controller,0,1.0,0,0,1.0,0,0,0,0,0,0,0,0,0,1.0,0,0,0,0
train-ticket,com.trainticket.controller,0,1.0,0,0,1.0,0,0,0,0,0,0,0,0,0,1.0,0,0,0,0
train-ticket,consignprice.controller,0,1.0,0,0,1.0,0,0,0,0,0,0,0,0,0,1.0,0,0,0,0
train-ticket,preserve.controller,0,1.0,0,0,1.0,0,0,0,0,0,0,0,0,0,1.0,0,0,0,0
train-ticket,food.controller,0,1.0,0,0,1.0,0,0,0,0,0,0,0,0,0,1.0,0,0,0,0
train-ticket,fdse.microservice.controller,0,1.0,0,0,1.0,0,0,0,0,0,0,0,0,0,1.0,0,0,0,0
train-ticket,auth.dto,0,1.0,0,9,1.0,0,0,0,0,45,0,0,0,0,1.0,9,0,0,9
train-ticket,adminuser.dto,0,1.0,0,7,2.0,0,0,0,0,35,0,11,1,0,1.0,7,0,0,7
train-ticket,user.dto,0,1.0,0,10,1.0,3,0,0,0,50,0,0,2,0,1.0,10,0,0,10
train-ticket,notification.entity,0,1.0,0,20,2.0,0,0,0,0,100,0,18,1,0,1.0,20,0,0,20
train-ticket,fdse.microservice.entity,0,1.0,0,2,1.0,0,1,0,0,7,0,0,1,0,1.0,2,0,0,1
train-ticket,consign.entity,0,1.0,0,19,1.0,0,0,0,0,95,0,0,1,0,1.0,19,0,0,19
train-ticket,rebook.entity,0,1.0,0,0,1.0,0,0,0,0,0,0,0,0,0,1.0,0,0,0,0
train-ticket,security.entity,0,1.0,0,2,1.0,0,0,0,0,10,0,0,0,0,1.0,2,0,0,2
train-ticket,price.entity,0,1.0,0,2,1.0,0,0,0,0,10,0,0,0,0,1.0,2,0,0,2
train-ticket,train.entity,0,1.0,0,0,1.0,0,0,0,0,0,0,0,1,0,1.0,0,0,0,0
train-ticket,travel2.entity,0,1.0,0,16,1.0,0,4,0,0,100,0,0,2,0,1.0,16,0,0,12
train-ticket,route.entity,0,1.0,0,8,1.0,0,1,0,0,37,0,0,0,0,1.0,8,0,0,7
train-ticket,assurance.entity,0,1.0,0,8,1.0,3,0,0,0,40,0,0,1,0,1.0,8,0,0,8
train-ticket,edu.fudan.common.entity,0,1.0,1,185,1.0,29,1,0,0,922,0,0,13,0,1.0,185,0,0,183
train-ticket,other.entity,0,1.0,0,15,1.0,5,1,0,0,75,0,0,5,0,1.0,15,0,0,14
train-ticket,food_delivery.entity,0,1.0,0,19,1.0,0,0,0,0,95,0,0,0,0,1.0,19,0,0,19
train-ticket,auth.entity,0,1.0,0,0,1.0,0,0,0,0,0,0,0,1,0,1.0,0,0,0,0
train-ticket,inside_payment.entity,0,1.0,0,12,1.0,6,0,0,0,60,0,0,3,0,1.0,12,0,0,12
train-ticket,adminbasic.entity,0,1.0,0,5,2.0,0,0,0,0,25,0,7,0,0,1.0,5,0,0,5
train-ticket,trainFood.entity,0,1.0,0,1,1.0,0,1,0,0,10,0,0,0,0,1.0,1,0,0,0
train-ticket,contacts.entity,0,1.0,0,1,1.0,8,0,0,0,5,0,0,2,0,1.0,1,0,0,1
train-ticket,config.entity,0,1.0,0,0,1.0,0,0,0,0,0,0,0,0,0,1.0,0,0,0,0
train-ticket,foodsearch.entity,0,1.0,0,12,1.0,0,0,0,0,60,0,0,0,0,1.0,12,0,0,12
train-ticket,order.entity,0,1.0,0,9,1.0,5,0,0,0,45,0,0,5,0,1.0,9,0,0,9
train-ticket,delivery.entity,0,1.0,0,4,1.0,0,0,0,0,20,0,0,0,0,1.0,4,0,0,4
train-ticket,waitorder.entity,15,1.0,0,20,1.0,4,1,0,0,95,0,0,1,15,2.0,19,0,1,19
train-ticket,travel.entity,0,1.0,0,10,1.0,0,0,0,0,50,0,0,2,0,1.0,10,0,0,10
train-ticket,cancel.entity,0,1.0,0,5,1.0,0,0,0,0,25,0,0,0,0,1.0,5,0,0,5
train-ticket,user.entity,0,1.0,0,4,1.0,0,0,0,0,20,0,0,0,0,1.0,4,0,0,4
train-ticket,travelplan.entity,0,1.0,0,17,1.0,0,0,0,0,85,0,0,0,0,1.0,17,0,0,17
train-ticket,com.trainticket.entity,0,1.0,0,0,1.0,0,0,0,0,0,0,0,1,0,1.0,0,0,0,0
train-ticket,consignprice.entity,0,1.0,0,0,1.0,0,0,0,0,0,0,0,0,0,1.0,0,0,0,0
train-ticket,food.entity,0,1.0,0,3,1.0,0,0,0,0,15,0,0,0,0,1.0,3,0,0,3
train-ticket,edu.fudan.common.exception,0,1.0,0,0,1.0,0,0,0,0,0,0,0,0,0,1.0,0,0,0,0
train-ticket,auth.exception,0,1.0,0,0,1.0,0,0,0,0,0,0,0,0,0,1.0,0,0,0,0
train-ticket,auth.exception.handler,0,1.0,0,0,1.0,0,0,0,0,0,0,0,0,0,1.0,0,0,0,0
train-ticket,auth.service.impl,0,1.0,0,2,1.0,12,1,0,0,7,0,0,0,0,1.0,2,0,0,1
train-ticket,verifycode.service.impl,0,1.0,0,4,1.0,15,4,0,0,30,1,0,0,0,1.0,4,0,0,0
train-ticket,waitorder.service.Impl,0,1.0,0,4,1.0,21,3,0,0,22,0,0,0,0,1.0,4,0,0,1
train-ticket,user.service.impl,0,1.0,1,8,1.0,13,6,0,0,24,0,0,0,0,1.0,8,0,0,1
train-ticket,fdse.microservice.init,0,1.0,0,0,1.0,0,0,0,0,0,0,0,2,0,1.0,0,0,0,0
train-ticket,consign.init,0,1.0,0,1,1.0,0,0,0,0,5,0,0,0,0,1.0,1,0,0,1
train-ticket,security.init,0,1.0,0,0,1.0,0,0,0,0,0,0,0,0,0,1.0,0,0,0,0
train-ticket,price.init,0,1.0,0,0,1.0,0,0,0,0,0,0,0,8,0,1.0,0,0,0,0
train-ticket,train.init,0,1.0,0,0,1.0,0,0,0,0,0,0,0,2,0,1.0,0,0,0,0
train-ticket,travel2.init,0,1.0,0,1,1.0,0,1,0,0,10,0,0,4,0,1.0,1,0,0,0
train-ticket,route.init,0,1.0,0,0,1.0,0,0,0,0,0,0,0,2,0,1.0,0,0,0,0
train-ticket,assurance.init,0,1.0,0,1,1.0,0,0,0,0,5,0,0,0,0,1.0,1,0,0,1
train-ticket,other.init,0,1.0,0,0,1.0,0,0,0,0,0,0,0,0,0,1.0,0,0,0,0
train-ticket,food_delivery.init,0,1.0,0,3,1.0,1,1,0,0,11,0,0,0,0,1.0,3,0,0,2
train-ticket,auth.init,0,1.0,0,0,1.0,2,0,0,0,0,0,0,0,0,1.0,0,0,0,0
train-ticket,inside_payment.init,0,1.0,0,0,1.0,0,0,0,0,0,0,0,0,0,1.0,0,0,0,0
train-ticket,trainFood.init,0,1.0,0,1,1.0,5,1,0,0,10,0,0,1,0,1.0,1,0,0,0
train-ticket,contacts.init,0,1.0,0,0,1.0,0,0,0,0,0,0,0,0,0,1.0,0,0,0,0
train-ticket,config.init,0,1.0,0,0,1.0,0,0,0,0,0,0,0,0,0,1.0,0,0,0,0
train-ticket,order.init,0,1.0,0,0,1.0,0,0,0,0,0,0,0,0,0,1.0,0,0,0,0
train-ticket,travel.init,0,1.0,0,0,1.0,0,0,0,0,0,0,0,4,0,1.0,0,0,0,0
train-ticket,user.init,0,1.0,0,0,1.0,1,0,0,0,0,0,0,0,0,1.0,0,0,0,0
train-ticket,com.trainticket.init,0,1.0,0,1,1.0,0,0,0,0,5,0,0,0,0,1.0,1,0,0,1
train-ticket,consignprice.init,0,1.0,0,0,1.0,0,0,0,0,0,0,0,0,0,1.0,0,0,0,0
train-ticket,food.init,0,1.0,0,1,1.0,5,0,0,0,5,0,0,1,0,1.0,1,0,0,1
train-ticket,org.myproject.ms.monitoring.instrument,40,1.0,5,31,1.0,332,3,5,0,214,2,0,2,40,4.0,28,0,3,15
train-ticket,adminbasic,0,1.0,9,35,1.0,0,20,0,0,152,0,0,2,0,1.0,35,0,0,6
train-ticket,adminorder,0,1.0,2,19,1.0,13,8,0,0,81,0,0,3,0,1.0,19,0,0,9
train-ticket,adminroute,0,1.0,1,11,1.0,11,5,0,0,43,0,0,4,0,1.0,11,0,0,5
train-ticket,admintravel,0,1.0,2,15,1.0,31,12,0,0,49,0,0,4,0,1.0,15,0,0,1
train-ticket,adminuser,0,1.0,2,18,1.0,8,8,0,0,76,0,0,3,0,1.0,18,0,0,8
train-ticket,assurance,30,1.0,0,19,1.0,27,0,0,0,85,0,0,4,30,3.0,17,0,2,19
train-ticket,auth,0,1.0,0,14,1.0,15,1,0,0,67,0,0,1,0,1.0,14,0,0,13
train-ticket,cancel,0,1.0,2,18,1.0,67,7,1,0,96,0,0,3,0,1.0,18,0,0,8
train-ticket,com.trainticket,0,1.0,0,1,1.0,7,0,0,0,5,0,0,4,0,1.0,1,0,0,1
train-ticket,config,0,1.0,1,1,1.0,11,0,0,0,8,0,0,3,0,1.0,1,0,0,0
train-ticket,consign,0,1.0,0,27,1.0,11,2,0,0,129,0,0,4,0,1.0,27,0,0,25
train-ticket,consignprice,0,1.0,0,0,1.0,7,0,0,0,0,0,0,3,0,1.0,0,0,0,0
train-ticket,contacts,5,1.0,0,6,1.0,21,4,0,0,16,0,0,5,5,2.0,5,0,1,2
train-ticket,delivery,0,1.0,1,6,1.0,3,1,0,0,24,0,0,0,0,1.0,6,0,0,4
train-ticket,execute,30,1.0,3,13,1.0,36,10,0,0,34,0,0,3,30,2.0,7,0,6,0
train-ticket,fdse.microservice,0,1.0,0,2,1.0,22,1,0,0,7,0,0,4,0,1.0,2,0,0,1
train-ticket,fdse.microservice,0,1.0,5,26,1.0,71,15,1,0,128,0,0,3,0,1.0,26,0,0,5
train-ticket,food,0,1.0,1,12,1.0,19,0,0,0,67,0,0,4,0,1.0,12,0,0,11
train-ticket,food_delivery,0,1.0,2,25,1.0,18,2,0,0,124,0,0,3,0,1.0,25,0,0,21
train-ticket,foodsearch,0,1.0,2,21,1.0,62,5,1,0,105,0,0,2,0,1.0,21,0,0,13
train-ticket,gateway,0,1.0,0,4,1.0,0,0,0,0,27,0,0,0,0,1.0,4,0,0,4
train-ticket,inside_payment,65,1.0,1,29,1.0,63,6,0,0,100,0,0,7,65,3.0,23,0,6,22
train-ticket,notification,0,1.0,1,29,1.0,6,8,0,0,136,0,0,9,0,1.0,29,0,0,20
train-ticket,order,0,1.0,1,18,1.0,100,2,0,0,106,0,0,16,0,1.0,18,0,0,15
train-ticket,other,0,1.0,1,25,1.0,99,4,0,0,137,0,0,14,0,1.0,25,0,0,20
train-ticket,plan,0,1.0,3,15,1.0,37,8,0,0,58,0,0,5,0,1.0,15,0,0,4
train-ticket,preserve,0,1.0,2,25,1.0,37,12,2,0,94,0,0,8,0,1.0,25,0,0,9
train-ticket,preserveOther,0,1.0,2,32,1.0,37,19,2,0,164,0,0,8,0,1.0,32,0,0,9
train-ticket,price,0,1.0,1,11,1.0,22,1,0,0,55,0,0,9,0,1.0,11,0,0,9
train-ticket,rebook,0,1.0,3,21,1.0,76,15,1,0,84,0,0,3,0,1.0,21,0,0,2
train-ticket,route,0,1.0,0,8,1.0,24,1,0,0,37,0,0,4,0,1.0,8,0,0,7
train-ticket,seat,5,1.0,1,13,1.0,26,9,0,0,37,1,0,2,5,4.0,12,0,1,3
train-ticket,security,0,1.0,0,6,1.0,11,2,0,0,24,0,0,3,0,1.0,6,0,0,4
train-ticket,train,0,1.0,1,15,1.0,29,0,0,0,80,0,0,6,0,1.0,15,0,0,14
train-ticket,trainFood,0,1.0,0,8,1.0,15,8,0,0,80,0,0,4,0,1.0,8,0,0,0
train-ticket,travel,0,1.0,1,42,1.0,74,7,0,0,210,0,0,17,0,1.0,42,0,0,34
train-ticket,travel2,0,1.0,1,42,1.0,59,21,0,0,255,0,0,16,0,1.0,42,0,0,20
train-ticket,travelplan,0,1.0,2,35,1.0,12,7,0,0,175,0,0,8,0,1.0,35,0,0,26
train-ticket,user,0,1.0,1,22,1.0,17,6,0,0,94,0,0,4,0,1.0,22,0,0,15
train-ticket,verifycode,0,1.0,0,4,1.0,20,4,0,0,30,1,0,3,0,1.0,4,0,0,0
train-ticket,waitorder,30,1.0,0,29,1.0,34,7,1,0,141,1,0,3,30,3.0,27,0,2,21
train-ticket,auth.security.jwt,0,1.0,0,0,1.0,0,0,0,0,0,0,0,0,0,1.0,0,0,0,0
train-ticket,org.myproject.ms.monitoring.lgger,0,1.0,3,3,1.0,9,0,0,0,15,0,0,0,0,1.0,3,0,0,0
train-ticket,org.services.analysis,110,1.0,52,228,1.0,740,104,3,0,1987,8,0,47,110,5.0,214,0,14,59
train-ticket,org.myproject.ms.monitoring.instrument.messaging.websocket,0,1.0,0,0,1.0,0,0,0,0,0,0,0,0,0,1.0,0,0,0,0
train-ticket,notification.mq,0,1.0,0,0,1.0,2,0,0,0,0,0,0,0,0,1.0,0,0,0,0
train-ticket,preserveOther.mq,0,1.0,0,1,1.0,0,1,0,0,10,0,0,0,0,1.0,1,0,0,0
train-ticket,foodsearch.mq,0,1.0,0,0,1.0,0,0,0,0,0,0,0,0,0,1.0,0,0,0,0
train-ticket,delivery.mq,0,1.0,0,0,1.0,3,0,0,0,0,0,0,0,0,1.0,0,0,0,0
train-ticket,preserve.mq,0,1.0,0,0,1.0,0,0,0,0,0,0,0,0,0,1.0,0,0,0,0
train-ticket,org.myproject.ms.monitoring.instrument.msg,5,1.0,1,6,1.0,63,2,2,0,7,1,0,0,5,4.0,5,0,1,1
train-ticket,org.myproject.ms.monitoring.mtc,0,1.0,2,2,1.0,5,0,0,0,10,0,0,0,0,1.0,2,0,0,0
train-ticket,notification.repository,0,1.0,0,0,1.0,0,0,0,0,0,0,0,0,0,1.0,0,0,0,0
train-ticket,fdse.microservice.repository,0,1.0,0,0,1.0,0,0,0,0,0,0,0,0,0,1.0,0,0,0,0
train-ticket,consign.repository,0,1.0,0,0,1.0,0,0,0,0,0,0,0,0,0,1.0,0,0,0,0
train-ticket,security.repository,0,1.0,0,0,1.0,0,0,0,0,0,0,0,0,0,1.0,0,0,0,0
train-ticket,price.repository,0,1.0,0,0,1.0,0,0,0,0,0,0,0,0,0,1.0,0,0,0,0
train-ticket,train.repository,0,1.0,0,0,1.0,0,0,0,0,0,0,0,0,0,1.0,0,0,0,0
train-ticket,travel2.repository,0,1.0,0,1,1.0,0,1,0,0,10,0,0,0,0,1.0,1,0,0,0
train-ticket,route.repository,0,1.0,0,0,1.0,0,0,0,0,0,0,0,0,0,1.0,0,0,0,0
train-ticket,assurance.repository,0,1.0,0,0,1.0,0,0,0,0,0,0,0,0,0,1.0,0,0,0,0
train-ticket,other.repository,0,1.0,0,0,1.0,0,0,0,0,0,0,0,0,0,1.0,0,0,0,0
train-ticket,food_delivery.repository,0,1.0,0,0,1.0,0,0,0,0,0,0,0,0,0,1.0,0,0,0,0
train-ticket,auth.repository,0,1.0,0,0,1.0,0,0,0,0,0,0,0,0,0,1.0,0,0,0,0
train-ticket,inside_payment.repository,0,1.0,0,2,1.0,0,0,0,0,10,0,0,0,0,1.0,2,0,0,2
train-ticket,trainFood.repository,0,1.0,0,1,1.0,0,1,0,0,10,0,0,0,0,1.0,1,0,0,0
train-ticket,contacts.repository,0,1.0,0,3,1.0,0,3,0,0,6,0,0,0,0,1.0,3,0,0,0
train-ticket,config.repository,0,1.0,0,0,1.0,0,0,0,0,0,0,0,0,0,1.0,0,0,0,0
train-ticket,foodsearch.repository,0,1.0,0,0,1.0,0,0,0,0,0,0,0,0,0,1.0,0,0,0,0
train-ticket,order.repository,0,1.0,0,0,1.0,0,0,0,0,0,0,0,0,0,1.0,0,0,0,0
train-ticket,delivery.repository,0,1.0,0,0,1.0,0,0,0,0,0,0,0,0,0,1.0,0,0,0,0
train-ticket,waitorder.repository,0,1.0,0,0,1.0,0,0,0,0,0,0,0,0,0,1.0,0,0,0,0
train-ticket,travel.repository,0,1.0,0,0,1.0,0,0,0,0,0,0,0,0,0,1.0,0,0,0,0
train-ticket,user.repository,0,1.0,0,0,1.0,0,0,0,0,0,0,0,0,0,1.0,0,0,0,0
train-ticket,com.trainticket.repository,0,1.0,0,0,1.0,0,0,0,0,0,0,0,0,0,1.0,0,0,0,0
train-ticket,consignprice.repository,0,1.0,0,0,1.0,0,0,0,0,0,0,0,0,0,1.0,0,0,0,0
train-ticket,food.repository,0,1.0,0,0,1.0,0,0,0,0,0,0,0,0,0,1.0,0,0,0,0
train-ticket,org.myproject.ms.monitoring.instrument.rest,0,1.0,0,0,1.0,23,0,0,0,0,0,0,0,0,1.0,0,0,0,0
train-ticket,org.myproject.ms.monitoring.instrument.schedl,0,1.0,0,0,1.0,1,0,0,0,0,0,0,0,0,1.0,0,0,0,0
train-ticket,auth.security,0,1.0,0,0,1.0,0,0,0,0,0,0,0,0,0,1.0,0,0,0,0
train-ticket,edu.fudan.common.security.jwt,0,1.0,0,0,1.0,10,0,0,0,0,0,0,1,0,1.0,0,0,0,0
train-ticket,execute.serivce,30,1.0,3,13,1.0,36,10,0,0,34,0,0,0,30,2.0,7,0,6,0
train-ticket,notification.service,0,1.0,0,0,1.0,4,0,0,0,0,0,0,5,0,1.0,0,0,0,0
train-ticket,fdse.microservice.service,0,1.0,0,0,1.0,22,0,0,0,0,0,0,0,0,1.0,0,0,0,0
train-ticket,consign.service,0,1.0,0,7,1.0,11,2,0,0,29,0,0,0,0,1.0,7,0,0,5
train-ticket,adminroute.service,0,1.0,1,11,1.0,11,5,0,0,43,0,0,1,0,1.0,11,0,0,5
train-ticket,rebook.service,0,1.0,3,21,1.0,76,15,1,0,84,0,0,0,0,1.0,21,0,0,2
train-ticket,security.service,0,1.0,0,4,1.0,11,2,0,0,14,0,0,0,0,1.0,4,0,0,2
train-ticket,price.service,0,1.0,1,9,1.0,22,1,0,0,45,0,0,0,0,1.0,9,0,0,7
train-ticket,train.service,0,1.0,0,0,1.0,14,0,0,0,0,0,0,0,0,1.0,0,0,0,0
train-ticket,travel2.service,0,1.0,1,20,1.0,57,11,0,0,95,0,0,9,0,1.0,20,0,0,8
train-ticket,preserveOther.service,0,1.0,1,25,1.0,37,13,2,0,110,0,0,5,0,1.0,25,0,0,9
train-ticket,route.service,0,1.0,0,0,1.0,24,0,0,0,0,0,0,0,0,1.0,0,0,0,0
train-ticket,plan.service,0,1.0,3,15,1.0,37,8,0,0,58,0,0,2,0,1.0,15,0,0,4
train-ticket,assurance.service,30,1.0,0,10,1.0,24,0,0,0,40,0,0,0,30,3.0,8,0,2,10
train-ticket,other.service,0,1.0,1,10,1.0,94,3,0,0,62,0,0,8,0,1.0,10,0,0,6
train-ticket,food_delivery.service,0,1.0,2,3,1.0,17,1,0,0,18,0,0,0,0,1.0,3,0,0,0
train-ticket,auth.service,0,1.0,0,2,1.0,12,1,0,0,7,0,0,0,0,1.0,2,0,0,1
train-ticket,inside_payment.service,65,1.0,1,15,1.0,51,6,0,0,30,0,0,0,65,3.0,9,0,6,8
train-ticket,verifycode.service,0,1.0,0,4,1.0,15,4,0,0,30,1,0,0,0,1.0,4,0,0,0
train-ticket,adminbasic.service,0,1.0,9,30,1.0,0,20,0,0,127,0,0,0,0,1.0,30,0,0,1
train-ticket,trainFood.service,0,1.0,0,2,1.0,10,2,0,0,20,0,0,0,0,1.0,2,0,0,0
train-ticket,contacts.service,5,1.0,0,2,1.0,13,1,0,0,5,0,0,0,5,2.0,1,0,1,1
train-ticket,config.service,0,1.0,1,1,1.0,11,0,0,0,8,0,0,0,0,1.0,1,0,0,0
train-ticket,adminuser.service,0,1.0,2,11,1.0,8,8,0,0,41,0,0,0,0,1.0,11,0,0,1
train-ticket,foodsearch.service,0,1.0,1,6,1.0,62,3,1,0,36,0,0,0,0,1.0,6,0,0,1
train-ticket,order.service,0,1.0,1,9,1.0,95,2,0,0,61,0,0,9,0,1.0,9,0,0,6
train-ticket,seat.service,5,1.0,1,13,1.0,26,9,0,0,37,1,0,0,5,4.0,12,0,1,3
train-ticket,waitorder.service,0,1.0,0,4,1.0,21,3,0,0,22,0,0,0,0,1.0,4,0,0,1
train-ticket,travel.service,0,1.0,1,30,1.0,70,5,0,0,149,0,0,9,0,1.0,30,0,0,24
train-ticket,admintravel.service,0,1.0,2,15,1.0,31,12,0,0,49,0,0,1,0,1.0,15,0,0,1
train-ticket,cancel.service,0,1.0,2,13,1.0,66,7,1,0,71,0,0,0,0,1.0,13,0,0,3
train-ticket,user.service,0,1.0,1,8,1.0,13,6,0,0,24,0,0,0,0,1.0,8,0,0,1
train-ticket,travelplan.service,0,1.0,2,18,1.0,12,7,0,0,90,0,0,5,0,1.0,18,0,0,9
train-ticket,adminorder.service,0,1.0,2,19,1.0,13,8,0,0,81,0,0,0,0,1.0,19,0,0,9
train-ticket,com.trainticket.service,0,1.0,0,0,1.0,7,0,0,0,0,0,0,0,0,1.0,0,0,0,0
train-ticket,consignprice.service,0,1.0,0,0,1.0,7,0,0,0,0,0,0,0,0,1.0,0,0,0,0
train-ticket,preserve.service,0,1.0,1,23,1.0,37,11,2,0,90,0,0,5,0,1.0,23,0,0,9
train-ticket,food.service,0,1.0,1,8,1.0,14,0,0,0,47,0,0,0,0,1.0,8,0,0,7
train-ticket,fdse.microservice.service,0,1.0,5,26,1.0,71,15,1,0,128,0,0,0,0,1.0,26,0,0,5
train-ticket,org.myproject.ms.monitoring.spl,0,1.0,0,1,1.0,8,0,1,0,0,1,0,0,0,1.0,1,0,0,0
train-ticket,edu.fudan.common,0,1.0,3,194,1.0,47,6,0,0,991,0,0,14,0,1.0,194,0,0,185
train-ticket,org.myproject.ms.monitoring,55,1.0,13,65,1.0,559,9,11,0,412,4,0,2,55,4.0,61,0,4,29
microservices-basics-spring-boot,com.anilallewar.microservices.auth.api,0,1.0,0,0,1.0,0,0,0,0,0,0,0,0,0,1.0,0,0,0,0
microservices-basics-spring-boot,com.anilallewar.microservices.user.api,0,1.0,0,0,1.0,6,0,0,0,0,0,0,0,0,1.0,0,0,0,0
microservices-basics-spring-boot,com.anilallewar.microservices.task.apis,0,1.0,0,0,1.0,8,0,0,0,0,0,0,0,0,1.0,0,0,0,0
microservices-basics-spring-boot,com.anilallewar.microservices.comments.apis,0,1.0,0,0,1.0,6,0,0,0,0,0,0,0,0,1.0,0,0,0,0
microservices-basics-spring-boot,com.anilallewar.microservices.gateway.config.bean,0,1.0,0,0,1.0,0,0,0,0,0,0,0,0,0,1.0,0,0,0,0
microservices-basics-spring-boot,com.anilallewar.microservices.task.config,0,1.0,0,0,1.0,0,0,0,0,0,0,0,1,0,1.0,0,0,0,0
microservices-basics-spring-boot,com.anilallewar.microservices.auth.config,0,1.0,2,3,1.0,0,1,0,0,18,0,0,0,0,1.0,3,0,0,0
microservices-basics-spring-boot,com.anilallewar.microservices.user.config,0,1.0,0,0,1.0,0,0,0,0,0,0,0,1,0,1.0,0,0,0,0
microservices-basics-spring-boot,com.anilallewar.microservices.gateway.config,0,1.0,0,0,1.0,0,0,0,0,0,0,0,0,0,1.0,0,0,0,0
microservices-basics-spring-boot,com.anilallewar.microservices.user.dto,0,1.0,0,1,1.0,23,0,1,0,0,0,0,1,0,1.0,1,0,0,0
microservices-basics-spring-boot,com.anilallewar.microservices.task.dtos,0,1.0,0,1,1.0,25,0,1,0,0,0,0,1,0,1.0,1,0,0,0
microservices-basics-spring-boot,com.anilallewar.microservices.comments.dtos,0,1.0,0,0,1.0,18,0,0,0,0,0,0,2,0,1.0,0,0,0,0
microservices-basics-spring-boot,com.anilallewar.microservices.auth,0,1.0,2,3,1.0,12,1,0,0,18,0,0,0,0,1.0,3,0,0,0
microservices-basics-spring-boot,com.anilallewar.microservices.comments,0,1.0,0,0,1.0,24,0,0,0,0,0,0,2,0,1.0,0,0,0,0
microservices-basics-spring-boot,com.anilallewar.microservices.config,0,1.0,0,0,1.0,0,0,0,0,0,0,0,0,0,1.0,0,0,0,0
microservices-basics-spring-boot,com.anilallewar.microservices.gateway,0,1.0,0,1,1.0,0,0,0,0,5,0,0,0,0,1.0,1,0,0,1
microservices-basics-spring-boot,com.anilallewar.microservices.portal,0,1.0,0,0,1.0,0,0,0,0,0,0,0,0,0,1.0,0,0,0,0
microservices-basics-spring-boot,com.anilallewar.microservices.registry,0,1.0,0,0,1.0,0,0,0,0,0,0,0,0,0,1.0,0,0,0,0
microservices-basics-spring-boot,com.anilallewar.microservices.task,15,1.0,0,2,1.0,63,0,1,0,0,0,0,4,15,3.0,1,0,1,1
microservices-basics-spring-boot,com.anilallewar.microservices.tracing,0,1.0,0,0,1.0,0,0,0,0,0,0,0,0,0,1.0,0,0,0,0
microservices-basics-spring-boot,com.anilallewar.microservices.user,0,1.0,0,1,1.0,29,0,1,0,0,0,0,2,0,1.0,1,0,0,0
microservices-basics-spring-boot,com.anilallewar.microservices.task.model,15,1.0,0,1,1.0,30,0,0,0,0,0,0,2,15,3.0,0,0,1,1
microservices-basics-spring-boot,com.anilallewar.microservices.task.config.security,0,1.0,0,0,1.0,0,0,0,0,0,0,0,1,0,1.0,0,0,0,0
microservices-basics-spring-boot,com.anilallewar.microservices.user.config.security,0,1.0,0,0,1.0,0,0,0,0,0,0,0,1,0,1.0,0,0,0,0
microservices-basics-spring-boot,com.anilallewar.microservices.gateway.security,0,1.0,0,0,1.0,0,0,0,0,0,0,0,0,0,1.0,0,0,0,0
microservices-basics-spring-boot,com.anilallewar.microservices.auth.service,0,1.0,0,0,1.0,12,0,0,0,0,0,0,0,0,1.0,0,0,0,0
microservices-basics-spring-boot,com.anilallewar.microservices.gateway.config.swagger,0,1.0,0,0,1.0,0,0,0,0,0,0,0,0,0,1.0,0,0,0,0
geocoder-microservices,com.alphalog.geocoder.local.config,0,1.0,0,1,1.0,0,0,0,0,5,0,0,1,0,1.0,1,0,0,1
geocoder-microservices,com.alphalog.geocoder.remote.config,0,1.0,0,1,1.0,0,0,0,0,5,0,0,1,0,1.0,1,0,0,1
geocoder-microservices,com.alphalog.geocoder.local.controller,10,1.0,0,1,1.0,0,0,0,0,0,0,0,0,10,3.0,0,0,1,1
geocoder-microservices,com.alphalog.geocoder.security.controller,0,1.0,0,0,1.0,0,0,0,0,0,0,0,0,0,1.0,0,0,0,0
geocoder-microservices,com.alphalog.geocoder.remote.controller,0,1.0,0,0,1.0,0,0,0,0,0,0,0,0,0,1.0,0,0,0,0
geocoder-microservices,com.alphalog.geocoder.security.domain,0,1.0,0,1,1.0,0,0,0,0,5,0,0,0,0,1.0,1,0,0,1
geocoder-microservices,com.alphalog.geocoder.gateway.filter,0,1.0,0,0,1.0,0,0,0,0,0,0,0,0,0,1.0,0,0,0,0
geocoder-microservices,com.alphalog.geocoder.security.filter,0,1.0,3,3,1.0,2,0,0,0,15,0,0,0,0,1.0,3,0,0,0
geocoder-microservices,com.alphalog.geocoder.configurator,0,1.0,0,0,1.0,0,0,0,0,0,0,0,0,0,1.0,0,0,0,0
geocoder-microservices,com.alphalog.geocoder.discovery,0,1.0,0,0,1.0,0,0,0,0,0,0,0,0,0,1.0,0,0,0,0
geocoder-microservices,com.alphalog.geocoder.gateway,0,1.0,0,0,1.0,0,0,0,0,0,0,0,0,0,1.0,0,0,0,0
geocoder-microservices,com.alphalog.geocoder.local,10,1.0,0,4,1.0,35,1,0,0,7,0,0,1,10,3.0,3,0,1,3
geocoder-microservices,com.alphalog.geocoder.remote,0,1.0,0,5,1.0,1,3,0,0,18,0,0,1,0,1.0,5,0,0,2
geocoder-microservices,com.alphalog.geocoder.local.model,0,1.0,0,0,1.0,33,0,0,0,0,0,0,0,0,1.0,0,0,0,0
geocoder-microservices,com.alphalog.geocoder.remote.model,0,1.0,0,1,2.0,0,1,0,0,5,0,1,0,0,1.0,1,0,0,0
geocoder-microservices,com.alphalog.geocoder.local.repository,0,1.0,0,0,1.0,0,0,0,0,0,0,0,0,0,1.0,0,0,0,0
geocoder-microservices,com.alphalog.geocoder.security.repository,0,1.0,0,0,1.0,0,0,0,0,0,0,0,0,0,1.0,0,0,0,0
geocoder-microservices,com.alphalog.geocoder.security.service.security,0,1.0,0,0,1.0,1,0,0,0,0,0,0,0,0,1.0,0,0,0,0
geocoder-microservices,com.alphalog.geocoder.security.service,0,1.0,0,0,1.0,1,0,0,0,0,0,0,0,0,1.0,0,0,0,0
geocoder-microservices,com.alphalog.geocoder.local.services,0,1.0,0,2,1.0,2,1,0,0,2,0,0,0,0,1.0,2,0,0,1
geocoder-microservices,com.alphalog.geocoder.remote.services,0,1.0,0,3,1.0,1,2,0,0,8,0,0,0,0,1.0,3,0,0,1
geocoder-microservices,com.alphalog.geocoder.monitoring,0,1.0,0,0,1.0,0,0,0,0,0,0,0,0,0,1.0,0,0,0,0
geocoder-microservices,com.alphalog.geocoder.security,0,1.0,4,5,1.0,3,0,0,0,28,0,0,0,0,1.0,5,0,0,1
Tap-And-Eat-MicroServices,com.github.joffryferrater.foodtrayservice.domain,0,1.0,0,1,1.0,0,0,0,0,10,0,0,1,0,1.0,1,0,0,1
Tap-And-Eat-MicroServices,com.github.joffry.ferrater.configservice,0,1.0,0,0,1.0,0,0,0,0,0,0,0,0,0,1.0,0,0,0,0
Tap-And-Eat-MicroServices,com.github.joffry.ferrater.discoveryservice,0,1.0,0,0,1.0,0,0,0,0,0,0,0,0,0,1.0,0,0,0,0
Tap-And-Eat-MicroServices,com.github.joffryferrater.accountservice,0,1.0,0,0,1.0,0,0,0,0,0,0,0,0,0,1.0,0,0,0,0
Tap-And-Eat-MicroServices,com.github.joffryferrater.customerservice,0,1.0,0,0,1.0,0,0,0,0,0,0,0,0,0,1.0,0,0,0,0
Tap-And-Eat-MicroServices,com.github.joffryferrater.foodtrayservice,0,1.0,0,3,1.0,0,2,0,0,13,0,0,1,0,1.0,3,0,0,1
Tap-And-Eat-MicroServices,com.github.joffryferrater.itemservice,0,1.0,0,1,1.0,0,1,0,0,1,0,0,0,0,1.0,1,0,0,0
Tap-And-Eat-MicroServices,com.github.joffryferrater.priceservice,0,1.0,0,1,1.0,0,0,0,0,10,0,0,1,0,1.0,1,0,0,1
Tap-And-Eat-MicroServices,com.github.joffryferrater.storeservice,0,1.0,0,0,1.0,0,0,0,0,0,0,0,0,0,1.0,0,0,0,0
Tap-And-Eat-MicroServices,com.github.joffryferrater.priceservice.models,0,1.0,0,1,1.0,0,0,0,0,10,0,0,1,0,1.0,1,0,0,1
Tap-And-Eat-MicroServices,com.github.joffryferrater.customerservice.models,0,1.0,0,0,1.0,0,0,0,0,0,0,0,0,0,1.0,0,0,0,0
Tap-And-Eat-MicroServices,com.github.joffryferrater.accountservice.models,0,1.0,0,0,1.0,0,0,0,0,0,0,0,0,0,1.0,0,0,0,0
Tap-And-Eat-MicroServices,com.github.joffryferrater.storeservice.models,0,1.0,0,0,1.0,0,0,0,0,0,0,0,0,0,1.0,0,0,0,0
Tap-And-Eat-MicroServices,com.github.joffryferrater.itemservice.models,0,1.0,0,0,1.0,0,0,0,0,0,0,0,0,0,1.0,0,0,0,0
Tap-And-Eat-MicroServices,com.github.joffryferrater.foodtrayservice.repository,0,1.0,0,0,1.0,0,0,0,0,0,0,0,0,0,1.0,0,0,0,0
Tap-And-Eat-MicroServices,com.github.joffryferrater.foodtrayservice.service,0,1.0,0,0,1.0,0,0,0,0,0,0,0,0,0,1.0,0,0,0,0
spring-cloud-movie-recommendation,com.example.dto,0,1.0,0,3,1.0,0,2,0,0,7,0,0,1,0,1.0,3,0,0,1
spring-cloud-movie-recommendation,com.example,0,1.0,0,0,1.0,0,0,0,0,0,0,0,0,0,1.0,0,0,0,0
spring-cloud-movie-recommendation,com.example,10,1.0,2,15,1.0,15,3,0,0,85,3,0,1,10,4.0,13,0,2,10
spring-cloud-movie-recommendation,com.example,0,1.0,0,2,1.0,0,0,0,0,15,0,0,0,0,1.0,2,0,0,2
spring-cloud-movie-recommendation,com.example,0,1.0,1,4,1.0,0,1,0,0,17,0,0,0,0,1.0,4,0,0,2
spring-cloud-movie-recommendation,com.example,10,1.0,0,14,1.0,1,7,0,0,52,0,0,1,10,3.0,13,0,1,7
spring-cloud-movie-recommendation,com.example,0,1.0,0,0,1.0,0,0,0,0,0,0,0,0,0,1.0,0,0,0,0
spring-cloud-movie-recommendation,com.example.service,0,1.0,0,8,1.0,0,5,0,0,35,0,0,0,0,1.0,8,0,0,3
sample-spring-microservices-new,pl.piomin.services.department.client,0,1.0,0,0,1.0,0,0,0,0,0,0,0,0,0,1.0,0,0,0,0
sample-spring-microservices-new,pl.piomin.services.organization.client,0,1.0,0,0,1.0,0,0,0,0,0,0,0,0,0,1.0,0,0,0,0
sample-spring-microservices-new,pl.piomin.services.department.controller,0,1.0,0,0,1.0,0,0,0,0,0,0,0,0,0,1.0,0,0,0,0
sample-spring-microservices-new,pl.piomin.services.organization.controller,0,1.0,1,1,1.0,0,0,0,0,10,0,0,0,0,1.0,1,0,0,0
sample-spring-microservices-new,pl.piomin.services.employee.controller,0,1.0,0,0,1.0,0,0,0,0,0,0,0,0,0,1.0,0,0,0,0
sample-spring-microservices-new,pl.piomin.services.config,0,1.0,0,0,1.0,0,0,0,0,0,0,0,0,0,1.0,0,0,0,0
sample-spring-microservices-new,pl.piomin.services.department,0,1.0,0,0,1.0,0,0,0,0,0,0,0,3,0,1.0,0,0,0,0
sample-spring-microservices-new,pl.piomin.services.discovery,0,1.0,0,0,1.0,0,0,0,0,0,0,0,0,0,1.0,0,0,0,0
sample-spring-microservices-new,pl.piomin.services.employee,0,1.0,1,3,1.0,0,2,0,0,16,0,0,1,0,1.0,3,0,0,0
sample-spring-microservices-new,pl.piomin.services.gateway,0,1.0,0,1,1.0,0,0,0,0,5,0,0,0,0,1.0,1,0,0,1
sample-spring-microservices-new,pl.piomin.services.organization,0,1.0,1,1,1.0,0,0,0,0,10,0,0,3,0,1.0,1,0,0,0
sample-spring-microservices-new,pl.piomin.services.department.model,0,1.0,0,0,1.0,0,0,0,0,0,0,0,3,0,1.0,0,0,0,0
sample-spring-microservices-new,pl.piomin.services.organization.model,0,1.0,0,0,1.0,0,0,0,0,0,0,0,3,0,1.0,0,0,0,0
sample-spring-microservices-new,pl.piomin.services.employee.model,0,1.0,0,0,1.0,0,0,0,0,0,0,0,1,0,1.0,0,0,0,0
sample-spring-microservices-new,pl.piomin.services.department.repository,0,1.0,0,0,1.0,0,0,0,0,0,0,0,0,0,1.0,0,0,0,0
sample-spring-microservices-new,pl.piomin.services.organization.repository,0,1.0,0,0,1.0,0,0,0,0,0,0,0,0,0,1.0,0,0,0,0
sample-spring-microservices-new,pl.piomin.services.employee.repository,0,1.0,0,2,1.0,0,2,0,0,2,0,0,0,0,1.0,2,0,0,0
jhipster-microservices-example,io.github.jhipster.registry.filters.accesscontrol,0,1.0,0,0,1.0,12,0,0,0,0,0,0,2,0,1.0,0,0,0,0
jhipster-microservices-example,org.jhipster.blog.gateway.accesscontrol,0,1.0,0,0,1.0,12,0,0,0,0,0,0,2,0,1.0,0,0,0,0
jhipster-microservices-example,io.github.jhipster.registry.aop.logging,0,1.0,0,0,1.0,9,0,0,0,0,0,0,1,0,1.0,0,0,0,0
jhipster-microservices-example,org.jhipster.blog.aop.logging,0,1.0,0,0,1.0,9,0,0,0,0,0,0,2,0,1.0,0,0,0,0
jhipster-microservices-example,org.jhipster.store.aop.logging,0,1.0,0,0,1.0,9,0,0,0,0,0,0,2,0,1.0,0,0,0,0
jhipster-microservices-example,org.jhipster.blog.config.apidoc,0,1.0,0,3,1.0,0,1,0,0,15,0,0,0,0,1.0,3,0,0,2
jhipster-microservices-example,org.jhipster.blog.config.audit,0,1.0,0,0,1.0,13,0,0,0,0,0,0,1,0,1.0,0,0,0,0
jhipster-microservices-example,org.jhipster.store.config.audit,0,1.0,0,0,1.0,13,0,0,0,0,0,0,1,0,1.0,0,0,0,0
jhipster-microservices-example,io.github.jhipster.registry.config,0,1.0,0,0,1.0,13,0,0,0,0,0,0,12,0,1.0,0,0,0,0
jhipster-microservices-example,org.jhipster.blog.config,0,1.0,0,6,1.0,43,2,0,0,27,0,0,11,0,1.0,6,0,0,4
jhipster-microservices-example,org.jhipster.store.config,0,1.0,0,1,1.0,23,1,0,0,2,0,0,13,0,1.0,1,0,0,0
jhipster-microservices-example,org.jhipster.store.config.dbmigrations,0,1.0,0,1,2.0,0,1,0,0,2,0,1,0,0,1.0,1,0,0,0
jhipster-microservices-example,org.jhipster.blog.domain,0,1.0,0,0,1.0,23,0,0,0,0,0,0,2,0,1.0,0,0,0,0
jhipster-microservices-example,org.jhipster.store.domain,0,1.0,0,0,1.0,5,0,0,0,0,0,0,2,0,1.0,0,0,0,0
jhipster-microservices-example,io.github.jhipster.registry.service.dto,0,1.0,0,0,1.0,0,0,0,0,0,0,0,0,0,1.0,0,0,0,0
jhipster-microservices-example,org.jhipster.blog.service.dto,0,1.0,0,1,1.0,0,0,0,0,20,0,0,0,0,1.0,1,0,0,1
jhipster-microservices-example,io.github.jhipster.registry.web.rest.errors,0,1.0,0,0,1.0,8,0,0,0,0,0,0,6,0,1.0,0,0,0,0
jhipster-microservices-example,org.jhipster.blog.web.rest.errors,0,1.0,0,0,1.0,10,0,0,0,0,0,0,7,0,1.0,0,0,0,0
jhipster-microservices-example,org.jhipster.store.web.rest.errors,0,1.0,0,0,1.0,10,0,0,0,0,0,0,7,0,1.0,0,0,0,0
jhipster-microservices-example,io.github.jhipster.registry.filters,0,1.0,0,1,1.0,13,0,0,0,5,0,0,3,0,1.0,1,0,0,1
jhipster-microservices-example,org.jhipster.blog.gateway,0,1.0,0,2,1.0,21,1,0,0,7,0,0,3,0,1.0,2,0,0,1
jhipster-microservices-example,io.github.jhipster.registry,0,1.0,1,6,1.0,106,4,0,0,35,0,0,29,0,1.0,6,0,0,1
jhipster-microservices-example,org.jhipster.blog,0,1.0,2,15,1.0,183,5,0,0,107,0,0,38,0,1.0,15,0,0,8
jhipster-microservices-example,org.jhipster.store,0,1.0,0,3,1.0,80,3,0,0,9,0,0,35,0,1.0,3,0,0,0
jhipster-microservices-example,io.github.jhipster.registry.security.jwt,0,1.0,0,1,1.0,12,1,0,0,5,0,0,2,0,1.0,1,0,0,0
jhipster-microservices-example,org.jhipster.blog.security.jwt,0,1.0,0,1,1.0,11,1,0,0,5,0,0,4,0,1.0,1,0,0,0
jhipster-microservices-example,org.jhipster.store.security.jwt,0,1.0,0,1,1.0,11,1,0,0,5,0,0,4,0,1.0,1,0,0,0
jhipster-microservices-example,org.jhipster.blog.service.mapper,0,1.0,0,0,1.0,5,0,0,0,0,0,0,0,0,1.0,0,0,0,0
jhipster-microservices-example,org.jhipster.blog.gateway.ratelimiting,0,1.0,0,2,1.0,5,1,0,0,7,0,0,0,0,1.0,2,0,0,1
jhipster-microservices-example,org.jhipster.blog.repository,0,1.0,0,0,1.0,6,0,0,0,0,0,0,0,0,1.0,0,0,0,0
jhipster-microservices-example,org.jhipster.store.repository,0,1.0,0,0,1.0,0,0,0,0,0,0,0,0,0,1.0,0,0,0,0
jhipster-microservices-example,org.jhipster.blog.gateway.responserewriting,0,1.0,0,0,1.0,4,0,0,0,0,0,0,0,0,1.0,0,0,0,0
jhipster-microservices-example,org.jhipster.blog.repository.search,0,1.0,0,0,1.0,0,0,0,0,0,0,0,0,0,1.0,0,0,0,0
jhipster-microservices-example,io.github.jhipster.registry.security,0,1.0,0,1,1.0,12,1,0,0,5,0,0,2,0,1.0,1,0,0,0
jhipster-microservices-example,org.jhipster.blog.security,0,1.0,0,1,1.0,22,1,0,0,5,0,0,5,0,1.0,1,0,0,0
jhipster-microservices-example,org.jhipster.store.security,0,1.0,0,1,1.0,20,1,0,0,5,0,0,5,0,1.0,1,0,0,0
jhipster-microservices-example,io.github.jhipster.registry.service,0,1.0,1,1,1.0,20,0,0,0,10,0,0,0,0,1.0,1,0,0,0
jhipster-microservices-example,org.jhipster.blog.service,0,1.0,0,1,1.0,13,0,0,0,20,0,0,0,0,1.0,1,0,0,1
jhipster-microservices-example,org.jhipster.store.service,0,1.0,0,1,2.0,0,1,0,0,2,0,1,0,0,1.0,1,0,0,0
jhipster-microservices-example,org.jhipster.blog.web.rest.util,0,1.0,1,1,1.0,6,0,0,0,10,0,0,2,0,1.0,1,0,0,0
jhipster-microservices-example,org.jhipster.blog.service.util,0,1.0,0,0,1.0,0,0,0,0,0,0,0,0,0,1.0,0,0,0,0
jhipster-microservices-example,org.jhipster.store.web.rest.util,0,1.0,0,0,1.0,3,0,0,0,0,0,0,2,0,1.0,0,0,0,0
jhipster-microservices-example,io.github.jhipster.registry.web.rest.vm,0,1.0,0,0,1.0,0,0,0,0,0,0,0,2,0,1.0,0,0,0,0
jhipster-microservices-example,org.jhipster.blog.web.rest.vm,0,1.0,0,1,1.0,0,0,0,0,20,0,0,3,0,1.0,1,0,0,1
jhipster-microservices-example,org.jhipster.store.web.rest.vm,0,1.0,0,0,1.0,0,0,0,0,0,0,0,2,0,1.0,0,0,0,0
jhipster-microservices-example,io.github.jhipster.registry.web.rest,0,1.0,0,3,1.0,32,3,0,0,15,0,0,11,0,1.0,3,0,0,0
jhipster-microservices-example,org.jhipster.blog.web.rest,0,1.0,2,5,1.0,40,1,0,0,48,0,0,15,0,1.0,5,0,0,2
jhipster-microservices-example,org.jhipster.store.web.rest,0,1.0,0,0,1.0,17,0,0,0,0,0,0,13,0,1.0,0,0,0,0
qbike,club.newtech.qbike.client.api,0,1.0,0,0,1.0,0,0,0,0,0,0,0,0,0,1.0,0,0,0,0
qbike,club.newtech.qbike.intention.controller.bean,0,1.0,0,12,2.0,0,0,0,0,60,0,21,0,0,1.0,12,0,0,12
qbike,club.newtech.qbike.client.bean,0,1.0,0,14,2.0,0,0,0,0,70,0,34,0,0,1.0,14,0,0,14
qbike,club.newtech.qbike.intention.controller,0,1.0,0,12,1.0,0,0,0,0,60,0,0,0,0,1.0,12,0,0,12
qbike,club.newtech.qbike.order.controller,0,1.0,0,0,1.0,2,0,0,0,0,0,0,0,0,1.0,0,0,0,0
qbike,club.newtech.qbike.trip.controller,0,1.0,0,0,1.0,0,0,0,0,0,0,0,0,0,1.0,0,0,0,0
qbike,club.newtech.qbike.intention.domain.core,0,1.0,4,32,1.0,20,5,0,0,146,0,0,0,0,1.0,32,0,0,23
qbike,club.newtech.qbike.order.domain.core,0,1.0,0,23,1.0,0,0,0,0,115,0,0,0,0,1.0,23,0,0,23
qbike,club.newtech.qbike.trip.domain.core,0,1.0,0,9,1.0,0,0,0,0,45,0,0,0,0,1.0,9,0,0,9
qbike,club.newtech.qbike.intention.domain,20,1.0,4,40,1.0,57,10,1,0,173,0,0,0,20,3.0,38,0,2,25
qbike,club.newtech.qbike.order.domain,0,1.0,1,38,1.0,18,5,0,0,251,2,0,0,0,1.0,38,0,0,32
qbike,club.newtech.qbike.trip.domain,0,1.0,0,10,1.0,4,0,1,0,45,0,0,0,0,1.0,10,0,0,9
qbike,club.newtech.qbike.uc.domain,0,1.0,2,11,1.0,0,0,0,0,49,0,0,0,0,1.0,11,0,0,9
qbike,club.newtech.qbike.intention.domain.exception,0,1.0,0,0,1.0,0,0,0,0,0,0,0,0,0,1.0,0,0,0,0
qbike,club.newtech.qbike.order.domain.exception,0,1.0,1,9,2.0,6,4,0,0,110,0,13,0,0,1.0,9,0,0,4
qbike,club.newtech.qbike.intention.infrastructure,0,1.0,0,5,1.0,0,0,0,0,25,0,0,0,0,1.0,5,0,0,5
qbike,club.newtech.qbike.order.infrastructure,0,1.0,0,2,1.0,0,0,0,0,10,0,0,0,0,1.0,2,0,0,2
qbike,club.newtech.qbike.trip.infrastructure,0,1.0,0,0,1.0,0,0,0,0,0,0,0,0,0,1.0,0,0,0,0
qbike,club.newtech.qbick.gateway,0,1.0,0,0,1.0,0,0,0,0,0,0,0,0,0,1.0,0,0,0,0
qbike,club.newtech.qbike,0,1.0,0,0,1.0,0,0,0,0,0,0,0,0,0,1.0,0,0,0,0
qbike,club.newtech.qbike.intention,20,1.0,4,57,1.0,57,10,1,0,258,0,0,0,20,3.0,55,0,2,42
qbike,club.newtech.qbike.order,0,1.0,2,44,1.0,20,5,0,0,281,2,0,0,0,1.0,44,0,0,37
qbike,club.newtech.qbike.trip,0,1.0,0,10,1.0,4,0,1,0,45,0,0,0,0,1.0,10,0,0,9
qbike,club.newtech.qbike.uc,0,1.0,2,11,1.0,0,0,0,0,49,0,0,0,0,1.0,11,0,0,9
qbike,club.newtech.qbike.client,0,1.0,0,14,1.0,0,0,0,0,70,0,0,0,0,1.0,14,0,0,14
qbike,club.newtech.qbike.intention.domain.repository,0,1.0,0,0,1.0,0,0,0,0,0,0,0,0,0,1.0,0,0,0,0
qbike,club.newtech.qbike.order.domain.repository,0,1.0,0,0,1.0,0,0,0,0,0,0,0,0,0,1.0,0,0,0,0
qbike,club.newtech.qbike.trip.domain.repository,0,1.0,0,0,1.0,0,0,0,0,0,0,0,0,0,1.0,0,0,0,0
qbike,club.newtech.qbike.uc.domain.repository,0,1.0,0,0,1.0,0,0,0,0,0,0,0,0,0,1.0,0,0,0,0
qbike,club.newtech.qbike.intention.domain.core.root,0,1.0,0,6,1.0,12,2,0,0,24,0,0,0,0,1.0,6,0,0,4
qbike,club.newtech.qbike.order.domain.core.root,0,1.0,0,5,1.0,0,0,0,0,25,0,0,0,0,1.0,5,0,0,5
qbike,club.newtech.qbike.trip.domain.core.root,0,1.0,0,2,1.0,0,0,0,0,10,0,0,0,0,1.0,2,0,0,2
qbike,club.newtech.qbike.uc.domain.root,0,1.0,0,9,1.0,0,0,0,0,45,0,0,0,0,1.0,9,0,0,9
qbike,club.newtech.qbike.intention.domain.service,20,1.0,0,8,1.0,37,5,1,0,27,0,0,0,20,3.0,6,0,2,2
qbike,club.newtech.qbike.order.domain.service,0,1.0,0,6,1.0,12,1,0,0,26,2,0,0,0,1.0,6,0,0,5
qbike,club.newtech.qbike.trip.domain.service,0,1.0,0,1,1.0,4,0,1,0,0,0,0,0,0,1.0,1,0,0,0
qbike,club.newtech.qbike.order.util,0,1.0,1,1,1.0,0,0,0,0,5,0,0,0,0,1.0,1,0,0,0
qbike,club.newtech.qbike.intention.domain.core.vo,0,1.0,4,26,1.0,8,3,0,0,122,0,0,0,0,1.0,26,0,0,19
qbike,club.newtech.qbike.order.domain.core.vo,0,1.0,0,18,1.0,0,0,0,0,90,0,0,0,0,1.0,18,0,0,18
qbike,club.newtech.qbike.trip.domain.core.vo,0,1.0,0,7,1.0,0,0,0,0,35,0,0,0,0,1.0,7,0,0,7
microservice-kafka,com.ewolff.microservice.order.customer,0,1.0,0,1,1.0,0,0,0,0,5,0,0,3,0,1.0,1,0,0,1
microservice-kafka,com.ewolff.microservice.shipping.events,0,1.0,0,0,1.0,0,0,0,0,0,0,0,0,0,1.0,0,0,0,0
microservice-kafka,com.ewolff.microservice.invoicing.events,0,1.0,0,0,1.0,0,0,0,0,0,0,0,0,0,1.0,0,0,0,0
microservice-kafka,com.ewolff.microservice.order.item,0,1.0,0,0,1.0,0,0,0,0,0,0,0,1,0,1.0,0,0,0,0
microservice-kafka,com.ewolff.microservice.invoicing,0,1.0,0,4,1.0,2,4,0,0,13,0,0,8,0,1.0,4,0,0,0
microservice-kafka,com.ewolff.microservice.order,0,1.0,1,8,1.0,1,3,0,0,24,0,0,8,0,1.0,8,0,0,4
microservice-kafka,com.ewolff.microservice.shipping,0,1.0,0,4,1.0,2,4,0,0,12,0,0,5,0,1.0,4,0,0,0
microservice-kafka,com.ewolff.microservice.order.logic,0,1.0,1,7,1.0,1,3,0,0,19,0,0,4,0,1.0,7,0,0,3
microservice-kafka,com.ewolff.microservice.shipping.web,0,1.0,0,2,1.0,0,2,0,0,10,0,0,0,0,1.0,2,0,0,0
microservice-kafka,com.ewolff.microservice.invoicing.web,0,1.0,0,2,1.0,0,2,0,0,10,0,0,0,0,1.0,2,0,0,0
springcloudmicroservices,com.lcwd.user.service.config,0,1.0,0,0,1.0,0,0,0,0,0,0,0,0,0,1.0,0,0,0,0
springcloudmicroservices,com.lcwd.user.service.controller,0,1.0,0,2,1.0,0,2,0,0,10,0,0,0,0,1.0,2,0,0,0
springcloudmicroservices,com.lcwd.rating.controller,0,1.0,0,0,1.0,0,0,0,0,0,0,0,0,0,1.0,0,0,0,0
springcloudmicroservices,com.lcwd.Hotel.controllers,0,1.0,0,3,1.0,0,3,0,0,20,0,0,0,0,1.0,3,0,0,0
springcloudmicroservices,com.lcwd.user.service.entities,0,1.0,0,8,1.0,0,1,0,0,42,0,0,0,0,1.0,8,0,0,7
springcloudmicroservices,com.lcwd.Hotel.entities,0,1.0,0,2,1.0,0,2,0,0,12,0,0,0,0,1.0,2,0,0,0
springcloudmicroservices,com.lcwd.rating.entities,0,1.0,0,5,2.0,0,0,0,0,30,0,3,0,0,1.0,5,0,0,5
springcloudmicroservices,com.lcwd.user.service.exceptions,0,1.0,0,2,1.0,0,2,0,0,3,0,0,0,0,1.0,2,0,0,0
springcloudmicroservices,com.lcwd.Hotel.exceptions,0,1.0,0,4,1.0,0,2,0,0,30,0,0,0,0,1.0,4,0,0,2
springcloudmicroservices,com.lcwd.user.service.external.services,0,1.0,0,0,1.0,0,0,0,0,0,0,0,0,0,1.0,0,0,0,0
springcloudmicroservices,com.lcwd.user.service.impl,5,1.0,0,3,1.0,0,1,0,0,7,0,0,0,5,3.0,2,0,1,2
springcloudmicroservices,com.lcwd.Hotel.impl,0,1.0,0,2,1.0,0,2,0,0,12,0,0,0,0,1.0,2,0,0,0
springcloudmicroservices,com.lcwd.rating.services.impl,0,1.0,0,1,1.0,0,1,0,0,2,0,0,0,0,1.0,1,0,0,0
springcloudmicroservices,com.lcwd.gateway,0,1.0,0,0,1.0,0,0,0,0,0,0,0,0,0,1.0,0,0,0,0
springcloudmicroservices,com.lcwd.Hotel,0,1.0,0,14,1.0,0,12,0,0,104,0,0,0,0,1.0,14,0,0,2
springcloudmicroservices,com.lcwd.rating,0,1.0,0,7,1.0,0,2,0,0,34,0,0,0,0,1.0,7,0,0,5
springcloudmicroservices,com.lcwd.service.registry,0,1.0,0,0,1.0,0,0,0,0,0,0,0,0,0,1.0,0,0,0,0
springcloudmicroservices,com.lcwd.user.service,5,1.0,0,20,1.0,0,8,0,0,81,0,0,0,5,3.0,19,0,1,12
springcloudmicroservices,com.lcwd.user.service.payload,0,1.0,0,3,1.0,0,0,0,0,15,0,0,0,0,1.0,3,0,0,3
springcloudmicroservices,com.lcwd.user.service.repositories,0,1.0,0,0,1.0,0,0,0,0,0,0,0,0,0,1.0,0,0,0,0
springcloudmicroservices,com.lcwd.Hotel.repositories,0,1.0,0,1,2.0,0,1,0,0,10,0,1,0,0,1.0,1,0,0,0
springcloudmicroservices,com.lcwd.rating.repository,0,1.0,0,0,1.0,0,0,0,0,0,0,0,0,0,1.0,0,0,0,0
springcloudmicroservices,com.lcwd.user.service.services,0,1.0,0,2,1.0,0,2,0,0,4,0,0,0,0,1.0,2,0,0,0
springcloudmicroservices,com.lcwd.Hotel.services,0,1.0,0,1,1.0,0,1,0,0,10,0,0,0,0,1.0,1,0,0,0
springcloudmicroservices,com.lcwd.rating.services,0,1.0,0,2,1.0,0,2,0,0,4,0,0,0,0,1.0,2,0,0,0
spring-netflix-oss-microservices,com.spring.netflix.oss.microservices.api,10,1.0,0,3,1.0,8,2,0,0,4,0,0,0,10,3.0,2,0,1,1
spring-netflix-oss-microservices,com.spring.netflix.oss.microservices.api,10,1.0,0,3,1.0,8,1,0,0,12,7,0,0,10,3.0,2,0,1,2
spring-netflix-oss-microservices,com.spring.netflix.oss.microservices,0,1.0,0,0,1.0,0,0,0,0,0,0,0,0,0,1.0,0,0,0,0
spring-netflix-oss-microservices,com.spring.netflix.oss.microservices,0,1.0,0,0,1.0,0,0,0,0,0,0,0,0,0,1.0,0,0,0,0
spring-netflix-oss-microservices,com.spring.netflix.oss.microservices,0,1.0,0,0,1.0,0,0,0,0,0,0,0,0,0,1.0,0,0,0,0
spring-netflix-oss-microservices,com.spring.netflix.oss.microservices,10,1.0,0,3,1.0,8,2,0,0,4,0,0,0,10,3.0,2,0,1,1
spring-netflix-oss-microservices,com.spring.netflix.oss.microservices,10,1.0,0,3,1.0,8,1,0,0,12,7,0,1,10,3.0,2,0,1,2
spring-netflix-oss-microservices,com.spring.netflix.oss.microservices,0,1.0,0,5,1.0,0,4,0,0,11,0,0,1,0,1.0,5,0,0,1
spring-netflix-oss-microservices,com.spring.netflix.oss.microservices,0,1.0,0,0,1.0,0,0,0,0,0,0,0,0,0,1.0,0,0,0,0
spring-netflix-oss-microservices,com.spring.netflix.oss.microservices,0,1.0,0,0,1.0,0,0,0,0,0,0,0,0,0,1.0,0,0,0,0
spring-netflix-oss-microservices,com.spring.netflix.oss.microservices.model,0,1.0,0,0,1.0,0,0,0,0,0,0,0,0,0,1.0,0,0,0,0
spring-netflix-oss-microservices,com.spring.netflix.oss.microservices.model,0,1.0,0,0,1.0,0,0,0,0,0,0,0,1,0,1.0,0,0,0,0
spring-netflix-oss-microservices,com.spring.netflix.oss.microservices.model,0,1.0,0,0,1.0,0,0,0,0,0,0,0,1,0,1.0,0,0,0,0
spring-netflix-oss-microservices,com.spring.netflix.oss.microservices.service,0,1.0,0,5,1.0,0,4,0,0,11,0,0,0,0,1.0,5,0,0,1
microservice,com.ewolff.microservice.order.clients,10,1.0,0,2,1.0,8,0,0,0,5,0,0,6,10,3.0,1,0,1,2
microservice,com.ewolff.microservice.catalog,0,1.0,1,5,1.0,0,3,0,0,21,0,0,1,0,1.0,5,0,0,1
microservice,com.ewolff.microservice.customer,0,1.0,2,3,1.0,0,0,0,0,19,0,0,1,0,1.0,3,0,0,1
microservice,com.ewolff.microservice.eurekaserver,0,1.0,0,0,1.0,0,0,0,0,0,0,0,0,0,1.0,0,0,0,0
microservice,com.ewolff.microservice.order,10,1.0,1,8,1.0,10,3,0,0,35,0,0,6,10,3.0,7,0,1,4
microservice,com.ewolff.microservice.turbine,0,1.0,0,0,1.0,0,0,0,0,0,0,0,0,0,1.0,0,0,0,0
microservice,com.ewolff.microservice.zuulserver,0,1.0,0,0,1.0,0,0,0,0,0,0,0,0,0,1.0,0,0,0,0
microservice,com.ewolff.microservice.order.logic,0,1.0,1,6,1.0,2,3,0,0,30,0,0,0,0,1.0,6,0,0,2
microservice,com.ewolff.microservice.customer.web,0,1.0,2,3,1.0,0,0,0,0,19,0,0,0,0,1.0,3,0,0,1
microservice,com.ewolff.microservice.catalog.web,0,1.0,1,5,1.0,0,3,0,0,21,0,0,0,0,1.0,5,0,0,1
scaffold-cloud,com.cms.scaffold.common.annotation,0,1.0,0,2,1.0,0,0,0,0,10,0,0,0,0,1.0,2,0,0,2
scaffold-cloud,com.cms.scaffold.micro.message.ao,0,1.0,0,9,2.0,0,0,0,0,45,0,14,0,0,1.0,9,0,0,9
scaffold-cloud,com.cms.scaffold.micro.sys.ao,0,1.0,0,55,2.0,0,0,0,0,275,0,74,4,0,1.0,55,0,0,55
scaffold-cloud,com.cms.scaffold.route.operate.aop,0,1.0,0,0,1.0,10,0,0,0,0,0,0,0,0,1.0,0,0,0,0
scaffold-cloud,com.cms.scaffold.micro.message.api,0,1.0,0,2,1.0,0,0,0,0,10,0,0,0,0,1.0,2,0,0,2
scaffold-cloud,com.cms.scaffold.micro.sys.api,0,1.0,0,10,1.0,0,0,0,0,50,0,0,0,0,1.0,10,0,0,10
scaffold-cloud,com.cms.scaffold.code.aspect,0,1.0,0,1,1.0,5,1,0,0,10,0,0,0,0,1.0,1,0,0,0
scaffold-cloud,com.cms.scaffold.code.mq.base,0,1.0,0,0,1.0,0,0,0,0,0,0,0,0,0,1.0,0,0,0,0
scaffold-cloud,com.cms.scaffold.common.base,0,1.0,0,39,1.0,3,5,3,0,230,0,0,0,0,1.0,39,0,0,31
scaffold-cloud,com.cms.scaffold.micro.message.bo,0,1.0,0,9,2.0,0,0,0,0,45,0,14,0,0,1.0,9,0,0,9
scaffold-cloud,com.cms.scaffold.micro.sys.bo,0,1.0,0,56,2.0,3,2,0,0,277,0,52,3,0,1.0,56,0,0,54
scaffold-cloud,com.cms.scaffold.code.mq.builder,0,1.0,0,2,1.0,2,0,0,0,10,0,0,0,0,1.0,2,0,0,2
scaffold-cloud,com.cms.scaffold.common.builder,0,1.0,0,10,2.0,6,1,0,0,85,0,6,0,0,1.0,10,0,0,9
scaffold-cloud,com.cms.scaffold.code.config.commonly,0,1.0,1,1,1.0,2,0,0,0,20,0,0,0,0,1.0,1,0,0,0
scaffold-cloud,com.cms.scaffold.route.operate.config,0,1.0,0,2,1.0,7,1,0,0,16,0,0,0,0,1.0,2,0,0,1
scaffold-cloud,com.cms.scaffold.micro.job.config,0,1.0,0,2,1.0,0,0,0,0,10,0,0,0,0,1.0,2,0,0,2
scaffold-cloud,com.cms.scaffold.code.config,0,1.0,1,5,1.0,2,1,0,0,36,2,0,0,0,1.0,5,0,0,3
scaffold-cloud,com.cms.scaffold.route.operate.constant,0,1.0,0,1,1.0,0,0,0,0,5,1,0,0,0,1.0,1,0,0,1
scaffold-cloud,com.cms.scaffold.common.constant,0,1.0,0,4,1.0,0,0,0,0,20,0,0,0,0,1.0,4,0,0,4
scaffold-cloud,com.cms.scaffold.micro.consumer,0,1.0,0,0,1.0,0,0,0,0,0,0,0,0,0,1.0,0,0,0,0
scaffold-cloud,com.cms.scaffold.route.operate.controller,0,1.0,7,45,1.0,35,8,0,0,290,0,0,0,0,1.0,45,0,0,30
scaffold-cloud,com.cms.scaffold.micro.sys.controller,0,1.0,0,7,1.0,4,0,0,0,35,0,0,0,0,1.0,7,0,0,7
scaffold-cloud,com.cms.scaffold.micro.message.controller,0,1.0,0,1,1.0,0,0,0,0,5,0,0,0,0,1.0,1,0,0,1
scaffold-cloud,com.cms.scaffold.micro.job.controller,0,1.0,0,1,2.0,0,1,0,0,5,0,1,0,0,1.0,1,0,0,0
scaffold-cloud,com.cms.scaffold.code.mq.core,25,1.0,0,11,1.0,34,3,0,0,109,0,0,2,25,5.0,9,0,2,7
scaffold-cloud,com.cms.scaffold.plugin.crud,0,1.0,3,27,1.0,17,16,0,0,196,4,0,5,0,1.0,27,0,0,8
scaffold-cloud,com.cms.scaffold.micro.sys.dao,0,1.0,0,0,1.0,0,0,0,0,0,0,0,0,0,1.0,0,0,0,0
scaffold-cloud,com.cms.scaffold.micro.message.dao,0,1.0,0,0,1.0,0,0,0,0,0,0,0,0,0,1.0,0,0,0,0
scaffold-cloud,com.cms.scaffold.plugin.dict,15,1.0,4,54,1.0,28,20,0,0,264,4,0,9,15,5.0,51,0,3,29
scaffold-cloud,com.cms.scaffold.common.dict,0,1.0,0,0,1.0,14,0,0,0,0,0,0,0,0,1.0,0,0,0,0
scaffold-cloud,com.cms.scaffold.micro.sys.domain,0,1.0,0,54,2.0,0,0,0,0,270,0,50,4,0,1.0,54,0,0,54
scaffold-cloud,com.cms.scaffold.micro.message.domain,0,1.0,0,9,2.0,0,0,0,0,45,0,14,0,0,1.0,9,0,0,9
scaffold-cloud,com.cms.scaffold.micro.job.domain,0,1.0,0,5,2.0,0,0,0,0,25,0,3,0,0,1.0,5,0,0,5
scaffold-cloud,com.cms.scaffold.common.exception,0,1.0,0,0,1.0,0,0,0,0,0,0,0,0,0,1.0,0,0,0,0
scaffold-cloud,com.cms.scaffold.micro.executor,0,1.0,0,0,1.0,0,0,0,0,0,0,0,0,0,1.0,0,0,0,0
scaffold-cloud,com.cms.scaffold.route.operate.freemarker.factory,0,1.0,0,2,1.0,2,1,0,0,20,0,0,0,0,1.0,2,0,0,1
scaffold-cloud,com.cms.scaffold.plugin.mybatis.factory,0,1.0,0,0,1.0,0,0,0,0,0,0,0,0,0,1.0,0,0,0,0
scaffold-cloud,com.cms.scaffold.route.operate.freemarker,0,1.0,0,9,1.0,12,2,0,0,52,0,0,0,0,1.0,9,0,0,7
scaffold-cloud,com.cms.scaffold.plugin.mybatis.generator,0,1.0,19,45,1.0,92,10,0,0,323,2,0,2,0,1.0,45,0,0,16
scaffold-cloud,com.cms.scaffold.route.operate.freemarker.impl,0,1.0,0,0,1.0,1,0,0,0,0,0,0,0,0,1.0,0,0,0,0
scaffold-cloud,com.cms.scaffold.micro.sys.service.impl,0,1.0,0,3,1.0,35,2,0,0,8,0,0,0,0,1.0,3,0,0,1
scaffold-cloud,com.cms.scaffold.micro.message.service.impl,0,1.0,0,0,1.0,0,0,0,0,0,0,0,0,0,1.0,0,0,0,0
scaffold-cloud,com.cms.scaffold.micro.init,0,1.0,0,0,1.0,0,0,0,0,0,0,0,0,0,1.0,0,0,0,0
scaffold-cloud,com.cms.scaffold.plugin.mybatis.interceptor,0,1.0,2,16,1.0,32,4,8,0,28,1,0,0,0,1.0,16,0,0,2
scaffold-cloud,com.cmd.scaffold.config,0,1.0,0,0,1.0,0,0,0,0,0,0,0,0,0,1.0,0,0,0,0
scaffold-cloud,com.cms.scaffold.code,45,1.0,2,47,1.0,211,10,0,0,324,4,0,2,45,5.0,44,0,3,33
scaffold-cloud,com.cms.scaffold.config,0,1.0,0,0,1.0,0,0,0,0,0,0,0,0,0,1.0,0,0,0,0
scaffold-cloud,com.cms.scaffold.eureka,0,1.0,0,0,1.0,0,0,0,0,0,0,0,0,0,1.0,0,0,0,0
scaffold-cloud,com.cms.scaffold.micro,0,1.0,0,64,1.0,39,2,0,0,313,0,0,4,0,1.0,64,0,0,62
scaffold-cloud,com.cms.scaffold.micro,0,1.0,0,10,1.0,17,0,0,0,50,1,0,0,0,1.0,10,0,0,10
scaffold-cloud,com.cms.scaffold.micro,0,1.0,0,14,1.0,11,3,0,0,62,0,0,0,0,1.0,14,0,0,11
scaffold-cloud,com.cms.scaffold.plugin,15,1.0,28,150,1.0,198,54,10,0,849,13,0,16,15,5.0,147,0,3,57
scaffold-cloud,com.cms.scaffold.route.app,0,1.0,0,0,1.0,0,0,0,0,0,0,0,0,0,1.0,0,0,0,0
scaffold-cloud,com.cms.scaffold.route.operate,10,1.0,9,81,1.0,102,14,0,0,496,1,0,1,10,4.0,79,0,2,58
scaffold-cloud,com.cms.scaffold.txlcn,0,1.0,0,0,1.0,0,0,0,0,0,0,0,0,0,1.0,0,0,0,0
scaffold-cloud,com.cms.scaffold.zuul,0,1.0,0,0,1.0,0,0,0,0,0,0,0,0,0,1.0,0,0,0,0
scaffold-cloud,com.cms.scaffold.route.operate.controller.job,0,1.0,0,1,1.0,0,0,0,0,5,0,0,0,0,1.0,1,0,0,1
scaffold-cloud,com.cms.scaffold.micro.job,0,1.0,0,14,1.0,11,3,0,0,62,0,0,0,0,1.0,14,0,0,11
scaffold-cloud,com.cms.scaffold.micro.consumer.listener,0,1.0,0,0,1.0,0,0,0,0,0,0,0,0,0,1.0,0,0,0,0
scaffold-cloud,com.cms.scaffold.micro.message.listener,0,1.0,0,0,1.0,17,0,0,0,0,1,0,0,0,1.0,0,0,0,0
scaffold-cloud,com.cms.scaffold.code.mq.listener,0,1.0,0,2,1.0,7,0,0,0,10,1,0,0,0,1.0,2,0,0,2
scaffold-cloud,com.cms.scaffold.micro.message,0,1.0,0,10,1.0,17,0,0,0,50,1,0,0,0,1.0,10,0,0,10
scaffold-cloud,com.cms.scaffold.code.config.micro,0,1.0,0,4,1.0,0,1,0,0,16,2,0,0,0,1.0,4,0,0,3
scaffold-cloud,com.cms.scaffold.route.operate.freemarker.model,0,1.0,0,6,2.0,0,0,0,0,30,0,11,0,0,1.0,6,0,0,6
scaffold-cloud,com.cms.scaffold.code.mq.model,0,1.0,1,18,1.0,0,1,0,0,112,0,0,0,0,1.0,18,0,0,16
scaffold-cloud,com.cms.scaffold.code.mq,25,1.0,1,33,1.0,43,4,0,0,241,1,0,2,25,5.0,31,0,2,27
scaffold-cloud,com.cms.scaffold.plugin.mybatis,0,1.0,21,67,1.0,153,16,10,0,379,5,0,2,0,1.0,67,0,0,20
scaffold-cloud,com.cms.scaffold.route.operate.response,10,1.0,2,16,2.0,0,0,0,0,70,0,27,1,10,4.0,14,0,2,14
scaffold-cloud,com.cms.scaffold.common.response,0,1.0,2,11,2.0,0,0,0,0,105,0,2,0,0,1.0,11,0,0,9
scaffold-cloud,com.cms.scaffold.route.operate.service,0,1.0,0,2,1.0,10,2,0,0,12,0,0,0,0,1.0,2,0,0,0
scaffold-cloud,com.cms.scaffold.micro.sys.service,0,1.0,0,3,1.0,35,2,0,0,8,0,0,0,0,1.0,3,0,0,1
scaffold-cloud,com.cms.scaffold.micro.message.service,0,1.0,0,0,1.0,0,0,0,0,0,0,0,0,0,1.0,0,0,0,0
scaffold-cloud,com.cms.scaffold.route.operate.shiro,0,1.0,0,3,1.0,21,1,0,0,26,0,0,0,0,1.0,3,0,0,2
scaffold-cloud,com.cms.scaffold.common,15,1.0,7,129,1.0,160,39,3,0,882,6,0,8,15,2.0,128,0,1,79
scaffold-cloud,com.cms.scaffold.feign.message,0,1.0,0,0,1.0,0,0,0,0,0,0,0,0,0,1.0,0,0,0,0
scaffold-cloud,com.cms.scaffold.feign.sys,0,1.0,0,0,1.0,0,0,0,0,0,0,0,0,0,1.0,0,0,0,0
scaffold-cloud,com.cms.scaffold.micro.message,0,1.0,0,20,2.0,0,0,0,0,100,0,15,0,0,1.0,20,0,0,20
scaffold-cloud,com.cms.scaffold.micro.sys,0,1.0,0,121,1.0,3,2,0,0,602,0,0,7,0,1.0,121,0,0,119
scaffold-cloud,com.cms.scaffold.route.openapi,0,1.0,0,0,1.0,0,0,0,0,0,0,0,0,0,1.0,0,0,0,0
scaffold-cloud,com.cms.scaffold.route.operate.controller.sys,0,1.0,7,38,1.0,23,8,0,0,255,0,0,0,0,1.0,38,0,0,23
scaffold-cloud,com.cms.scaffold.route.operate.service.sys,0,1.0,0,1,1.0,10,1,0,0,2,0,0,0,0,1.0,1,0,0,0
scaffold-cloud,com.cms.scaffold.micro.sys,0,1.0,0,64,1.0,39,2,0,0,313,0,0,4,0,1.0,64,0,0,62
scaffold-cloud,com.cms.scaffold.code.mq.model.sys,0,1.0,0,8,1.0,0,0,0,0,40,0,0,0,0,1.0,8,0,0,8
scaffold-cloud,com.cms.scaffold.micro.job.tool,0,1.0,0,6,1.0,11,2,0,0,22,0,0,0,0,1.0,6,0,0,4
scaffold-cloud,com.cms.scaffold.plugin.mybatis.generator.types,0,1.0,1,3,1.0,12,1,0,0,18,0,0,0,0,1.0,3,0,0,1
scaffold-cloud,com.cms.scaffold.route.operate.util,0,1.0,0,3,1.0,7,0,0,0,25,0,0,0,0,1.0,3,0,0,3
scaffold-cloud,com.cms.scaffold.code.util,20,1.0,0,8,1.0,161,4,0,0,37,1,0,0,20,5.0,7,0,1,3
scaffold-cloud,com.cms.scaffold.common.util,15,1.0,5,63,1.0,137,33,0,0,432,6,0,8,15,2.0,62,0,1,24
scaffold-cloud,com.cms.scaffold.plugin.mybatis.wrapper,0,1.0,0,0,1.0,14,0,0,0,0,0,0,0,0,1.0,0,0,0,0
blog-microservices,se.callista.microservices,0,1.0,0,8,1.0,13,5,1,0,41,2,0,0,0,1.0,8,0,0,2
blog-microservices,se.callista.microservises.support,0,1.0,0,0,1.0,0,0,0,0,0,0,0,0,0,1.0,0,0,0,0
blog-microservices,se.callista.microservises.support.discovery,0,1.0,0,0,1.0,0,0,0,0,0,0,0,0,0,1.0,0,0,0,0
blog-microservices,se.callista.microservises.support.oauth,0,4.0,1,1,1.0,0,0,0,5,0,0,0,0,0,1.0,0,5,0,0
blog-microservices,se.callista.microservises.support.turbine,0,4.0,1,1,1.0,0,0,0,5,0,0,0,0,0,1.0,0,5,0,0
blog-microservices,se.callista.microservises.workshop.zipkin,0,1.0,0,0,1.0,0,0,0,0,0,0,0,0,0,1.0,0,0,0,0
blog-microservices,se.callista.microservices.composite.product,15,4.0,1,20,1.0,22,4,3,5,115,0,0,0,15,3.0,18,5,1,12
blog-microservices,se.callista.microservices.core.product,15,4.0,1,2,1.0,1,0,0,5,0,1,0,0,15,3.0,0,5,1,1
blog-microservices,se.callista.microservices.core.recommendation,15,4.0,1,3,1.0,1,0,0,5,5,1,0,1,15,3.0,1,5,1,2
blog-microservices,se.callista.microservices.core.review,15,4.0,1,3,1.0,1,0,0,5,5,1,0,1,15,3.0,1,5,1,2
blog-microservices,se.callista.microservices.model,0,1.0,0,0,1.0,0,0,0,0,0,0,0,0,0,1.0,0,0,0,0
blog-microservices,se.callista.microservices.composite.product.model,0,1.0,0,2,1.0,6,2,0,0,4,0,0,0,0,1.0,2,0,0,0
blog-microservices,se.callista.microservices.composite.product.service,15,1.0,0,17,1.0,16,2,3,0,111,0,0,0,15,3.0,16,0,1,12
blog-microservices,se.callista.microservices.core.product.service,15,1.0,0,1,1.0,1,0,0,0,0,1,0,0,15,3.0,0,0,1,1
blog-microservices,se.callista.microservices.core.review.service,15,1.0,0,2,1.0,1,0,0,0,5,1,0,1,15,3.0,1,0,1,2
blog-microservices,se.callista.microservices.core.recommendation.service,15,1.0,0,2,1.0,1,0,0,0,5,1,0,1,15,3.0,1,0,1,2
blog-microservices,se.callista.microservises.support.edge,0,4.0,1,2,1.0,0,0,1,5,0,0,0,0,0,1.0,1,5,0,0
blog-microservices,se.callista.microservises.support.monitordashboard,0,4.0,1,1,1.0,0,0,0,5,0,0,0,0,0,1.0,0,5,0,0
blog-microservices,se.callista.microservices.util,0,1.0,0,8,1.0,13,5,1,0,41,2,0,0,0,1.0,8,0,0,2
DentalAppointment,com.microservice.common.api,0,1.0,0,8,1.0,0,8,0,0,8,0,0,0,0,1.0,8,0,0,0
DentalAppointment,com.microservice.gatewayservice.authorization,0,1.0,0,0,1.0,3,0,0,0,0,0,0,0,0,1.0,0,0,0,0
DentalAppointment,com.microservice.hospitalmanageservice.client,0,1.0,0,2,1.0,0,0,0,0,10,0,0,0,0,1.0,2,0,0,2
DentalAppointment,com.microservice.hospitalmanageservice.config,0,1.0,0,0,1.0,0,0,0,0,0,0,0,0,0,1.0,0,0,0,0
DentalAppointment,com.microservice.personalinfoservice.config,0,1.0,0,1,1.0,0,1,0,0,2,0,0,0,0,1.0,1,0,0,0
DentalAppointment,com.microservice.common.config,0,1.0,0,0,1.0,0,0,0,0,0,0,0,1,0,1.0,0,0,0,0
DentalAppointment,com.microservice.authservice.config,0,1.0,2,4,1.0,0,0,0,0,26,3,0,0,0,1.0,4,0,0,2
DentalAppointment,com.microservice.appointmentservice.config,0,1.0,0,1,1.0,0,1,0,0,1,0,0,1,0,1.0,1,0,0,0
DentalAppointment,com.microservice.gatewayservice.config,0,1.0,0,2,1.0,0,0,0,0,10,0,0,0,0,1.0,2,0,0,2
DentalAppointment,com.microservice.hospitalmanageservice.controller,0,1.0,0,16,1.0,7,0,3,0,65,0,0,0,0,1.0,16,0,0,13
DentalAppointment,com.microservice.messageservice.controller,0,1.0,0,8,1.0,0,7,0,0,37,0,0,0,0,1.0,8,0,0,1
DentalAppointment,com.microservice.approvalservice.controller,0,1.0,0,10,1.0,4,6,0,0,50,0,0,0,0,1.0,10,0,0,4
DentalAppointment,com.microservice.personalinfoservice.controller,0,1.0,0,21,1.0,28,1,0,0,102,0,0,0,0,1.0,21,0,0,20
DentalAppointment,com.microservice.authservice.controller,0,1.0,0,0,1.0,0,0,0,0,0,0,0,0,0,1.0,0,0,0,0
DentalAppointment,com.microservice.appointmentservice.controller,0,1.0,1,10,1.0,16,2,0,0,53,0,0,0,0,1.0,10,0,0,7
DentalAppointment,com.microservice.common.domain,0,1.0,0,12,2.0,0,4,0,0,48,0,8,0,0,1.0,12,0,0,8
DentalAppointment,com.microservice.hospitalmanageservice.entity.dto,0,1.0,0,57,2.0,0,1,0,0,285,0,18,2,0,1.0,57,0,0,56
DentalAppointment,com.microservice.personalinfoservice.dto,0,1.0,0,26,2.0,0,0,0,0,130,0,31,2,0,1.0,26,0,0,26
DentalAppointment,com.microservice.appointmentservice.dto,0,1.0,0,49,1.0,0,0,0,0,245,0,0,7,0,1.0,49,0,0,49
DentalAppointment,com.microservice.hospitalmanageservice.entity,0,1.0,0,96,2.0,0,2,0,0,477,0,45,2,0,1.0,96,0,0,94
DentalAppointment,com.microservice.messageservice.entity,0,1.0,0,4,1.0,0,0,0,0,20,0,0,0,0,1.0,4,0,0,4
DentalAppointment,com.microservice.approvalservice.entity,0,1.0,0,27,1.0,0,15,0,0,142,0,0,0,0,1.0,27,0,0,12
DentalAppointment,com.microservice.personalinfoservice.entity,0,1.0,0,24,2.0,0,0,0,0,120,0,15,2,0,1.0,24,0,0,24
DentalAppointment,com.microservice.appointmentservice.entity,0,1.0,0,0,1.0,0,0,0,0,0,0,0,0,0,1.0,0,0,0,0
DentalAppointment,com.microservice.hospitalmanageservice.service.Impl,0,1.0,5,29,1.0,22,11,1,0,154,0,0,0,0,1.0,29,0,0,12
DentalAppointment,com.microservice.messageservice.service.impl,0,1.0,0,7,2.0,0,6,0,0,45,0,8,0,0,1.0,7,0,0,1
DentalAppointment,com.microservice.approvalservice.service.impl,0,1.0,0,17,1.0,25,7,0,0,171,2,0,2,0,1.0,17,0,0,10
DentalAppointment,com.microservice.personalinfoservice.service.impl,0,1.0,5,5,1.0,28,0,0,0,44,0,0,5,0,1.0,5,0,0,0
DentalAppointment,com.microservice.authservice.service.impl,0,1.0,0,1,1.0,3,0,0,0,5,0,0,0,0,1.0,1,0,0,1
DentalAppointment,com.microservice.appointmentservice.service.impl,0,1.0,1,26,1.0,22,0,2,0,160,5,0,4,0,1.0,26,0,0,23
DentalAppointment,com.microservice.appointmentservice,0,1.0,2,108,1.0,53,3,2,0,574,6,0,19,0,1.0,108,0,0,101
DentalAppointment,com.microservice.approvalservice,0,1.0,0,66,1.0,31,38,0,0,414,3,0,2,0,1.0,66,0,0,28
DentalAppointment,com.microservice.authservice,0,1.0,2,5,1.0,3,0,0,0,31,3,0,0,0,1.0,5,0,0,3
DentalAppointment,com.microservice.gatewayservice,0,1.0,0,2,1.0,3,0,0,0,10,0,0,0,0,1.0,2,0,0,2
DentalAppointment,com.microservice.hospitalmanageservice,0,1.0,5,144,1.0,32,13,4,0,711,1,0,2,0,1.0,144,0,0,122
DentalAppointment,com.microservice.messageservice,0,1.0,0,33,1.0,6,20,0,0,196,1,0,0,0,1.0,33,0,0,13
DentalAppointment,com.microservice.personalinfoservice,0,1.0,5,93,1.0,59,8,0,0,524,0,0,9,0,1.0,93,0,0,80
DentalAppointment,com.microservice.common,0,1.0,0,20,1.0,0,12,0,0,56,0,0,1,0,1.0,20,0,0,8
DentalAppointment,com.microservice.hospitalmanageservice.mapper,0,1.0,0,0,1.0,0,0,0,0,0,0,0,0,0,1.0,0,0,0,0
DentalAppointment,com.microservice.messageservice.mapper,0,1.0,0,0,1.0,0,0,0,0,0,0,0,0,0,1.0,0,0,0,0
DentalAppointment,com.microservice.approvalservice.mapper,0,1.0,0,0,1.0,0,0,0,0,0,0,0,0,0,1.0,0,0,0,0
DentalAppointment,com.microservice.personalinfoservice.mapper,0,1.0,0,0,1.0,0,0,0,0,0,0,0,0,0,1.0,0,0,0,0
DentalAppointment,com.microservice.appointmentservice.mapper,0,1.0,0,0,1.0,0,0,0,0,0,0,0,0,0,1.0,0,0,0,0
DentalAppointment,com.microservice.hospitalmanageservice.entity.po,0,1.0,0,15,2.0,0,1,0,0,72,0,14,0,0,1.0,15,0,0,14
DentalAppointment,com.microservice.appointmentservice.pojo,0,1.0,0,18,1.0,0,0,0,0,90,0,0,7,0,1.0,18,0,0,18
DentalAppointment,com.microservice.hospitalmanageservice.service,0,1.0,5,30,1.0,25,11,1,0,159,1,0,0,0,1.0,30,0,0,13
DentalAppointment,com.microservice.messageservice.service,0,1.0,0,19,1.0,5,11,0,0,132,1,0,0,0,1.0,19,0,0,8
DentalAppointment,com.microservice.approvalservice.service,0,1.0,0,27,1.0,26,15,0,0,215,3,0,2,0,1.0,27,0,0,12
DentalAppointment,com.microservice.personalinfoservice.service,0,1.0,5,16,1.0,28,5,0,0,125,0,0,5,0,1.0,16,0,0,6
DentalAppointment,com.microservice.authservice.service,0,1.0,0,1,1.0,3,0,0,0,5,0,0,0,0,1.0,1,0,0,1
DentalAppointment,com.microservice.appointmentservice.service,0,1.0,1,30,1.0,37,0,2,0,185,6,0,4,0,1.0,30,0,0,27
DentalAppointment,com.microservice.hospitalmanageservice.entity.vo,0,1.0,0,24,2.0,0,0,0,0,120,0,14,0,0,1.0,24,0,0,24
microservice-consul,com.ewolff.microservice.order.clients,0,1.0,0,1,1.0,8,0,0,0,5,0,0,6,0,1.0,1,0,0,1
microservice-consul,com.ewolff.microservice.catalog,0,1.0,1,5,1.0,0,3,0,0,21,0,0,1,0,1.0,5,0,0,1
microservice-consul,com.ewolff.microservice.customer,0,1.0,2,3,1.0,0,0,0,0,19,0,0,1,0,1.0,3,0,0,1
microservice-consul,com.ewolff.microservice.order,0,1.0,1,7,1.0,10,3,0,0,35,0,0,6,0,1.0,7,0,0,3
microservice-consul,com.ewolff.microservice.order.logic,0,1.0,1,6,1.0,2,3,0,0,30,0,0,0,0,1.0,6,0,0,2
microservice-consul,com.ewolff.microservice.customer.web,0,1.0,2,3,1.0,0,0,0,0,19,0,0,0,0,1.0,3,0,0,1
microservice-consul,com.ewolff.microservice.catalog.web,0,1.0,1,5,1.0,0,3,0,0,21,0,0,0,0,1.0,5,0,0,1
