Package,A,CCRC,Ca,Ce,NOC,NOI,PkgRCi,PkgTCi,TLOC,DMS,I
club.newtech.qbick.gateway,0.0,0.0,0.0,0.0,1.0,0.0,1.0,1.0,5.0,,
club.newtech.qbike,0.0,0.0,0.0,0.0,1.0,0.0,1.0,1.0,5.0,,
com.github.joffryferrater.priceservice,0.0,100.0,0.0,1.0,2.0,0.0,0.333333333,1.0,14.0,0.0,1.0
com.github.joffryferrater.priceservice.models,0.5,0.0,1.0,0.0,2.0,1.0,2.0,6.0,16.0,0.5,0.0
com.github.joffryferrater.itemservice,0.0,100.0,0.0,1.0,2.0,0.0,0.333333333,1.0,32.0,0.0,1.0
com.github.joffryferrater.itemservice.models,0.5,0.0,1.0,0.0,2.0,1.0,2.0,8.0,17.0,0.5,0.0
com.github.joffryferrater.accountservice,0.0,100.0,0.0,1.0,2.0,0.0,0.333333333,1.0,14.0,0.0,1.0
com.github.joffryferrater.accountservice.models,0.5,0.0,1.0,0.0,2.0,1.0,2.0,6.0,14.0,0.5,0.0
com.github.joffryferrater.storeservice,0.0,0.0,0.0,0.0,2.0,0.0,0.5,1.0,9.0,,
com.github.joffryferrater.storeservice.models,0.5,0.0,0.0,0.0,2.0,1.0,1.363636364,15.0,42.0,,
com.github.joffry.ferrater.configservice,0.0,0.0,0.0,0.0,1.0,0.0,1.0,1.0,5.0,,
com.github.joffryferrater.configservice,0.0,0.0,0.0,0.0,1.0,0.0,0.0,0.0,4.0,,
com.github.joffry.ferrater.discoveryservice,0.0,0.0,0.0,0.0,2.0,0.0,0.5,1.0,9.0,,
com.github.joffryferrater.customerservice,0.0,0.0,0.0,0.0,2.0,0.0,0.5,1.0,9.0,,
com.github.joffryferrater.customerservice.models,0.5,0.0,0.0,0.0,2.0,1.0,1.5,3.0,19.0,,
com.apssouza,0.0,0.0,0.0,0.0,1.0,0.0,1.0,1.0,5.0,,
com.apssouza.bootstrap,0.0,0.0,0.0,1.0,1.0,0.0,1.5,3.0,16.0,0.0,1.0
com.apssouza.configuration,0.0,0.0,0.0,0.0,2.0,0.0,1.0,1.0,9.0,,
com.apssouza.controllers,0.0,300.0,0.0,1.0,1.0,0.0,2.083333333,12.5,29.0,0.0,1.0
com.apssouza.entities,0.0,0.0,5.0,0.0,1.0,0.0,1.25,15.0,44.0,1.0,0.0
com.apssouza.exceptions,0.0,0.0,3.0,0.0,1.0,0.0,2.0,2.0,5.0,1.0,0.0
com.apssouza.repositories,1.0,0.0,2.0,1.0,1.0,1.0,2.0,2.0,3.0,0.333333333,0.333333333
com.apssouza.services,0.5,300.0,1.0,2.0,2.0,1.0,2.966666667,35.6,29.0,0.166666667,0.666666667
com.apssouza.monitoring,0.0,33.333333333,0.0,0.0,3.0,0.0,1.3,13.0,65.0,,
com.apssouza,0.0,0.0,0.0,0.0,1.0,0.0,1.0,1.0,5.0,,
com.apssouza.auth,0.0,0.0,0.0,0.0,1.0,0.0,3.0,3.0,8.0,,
com.apssouza.clients,1.0,100.0,1.0,1.0,1.0,1.0,2.0,2.0,3.0,0.5,0.5
com.apssouza.configuration,0.0,0.0,0.0,1.0,4.0,0.0,1.071428571,7.5,45.0,0.0,1.0
com.apssouza.pojos,0.0,0.0,3.0,0.0,1.0,0.0,1.375,11.0,30.0,1.0,0.0
com.apssouza.services,0.5,200.0,0.0,2.0,2.0,1.0,2.0,6.0,12.0,0.5,1.0
com.apssouza.infra,0.666666667,66.666666667,0.0,0.0,3.0,2.0,1.285714286,9.0,30.0,,
de.codecentric.boot.admin,0.0,0.0,0.0,0.0,1.0,0.0,1.0,1.0,5.0,,
com.apssouza,0.0,0.0,0.0,0.0,1.0,0.0,1.0,1.0,5.0,,
com.apssouza.clients,1.0,200.0,2.0,2.0,2.0,2.0,1.666666667,10.0,10.0,0.5,0.5
com.apssouza.configuration,0.0,0.0,0.0,0.0,3.0,0.0,1.0,4.0,30.0,,
com.apssouza.controllers,0.0,300.0,0.0,2.0,2.0,0.0,1.8,9.0,22.0,0.0,1.0
com.apssouza.exceptions,0.0,0.0,0.0,0.0,1.0,0.0,2.0,2.0,5.0,,
com.apssouza.pojos,0.0,0.0,8.0,0.0,2.0,0.0,1.15,23.0,74.0,1.0,0.0
com.apssouza.services,0.5,300.0,2.0,4.0,4.0,2.0,1.769230769,23.0,37.0,0.166666667,0.666666667
com.apssouza.discovery,0.0,0.0,0.0,0.0,1.0,0.0,1.0,1.0,5.0,,
com.apssouza.config,0.0,0.0,1.0,0.0,1.0,0.0,1.0,1.0,5.0,1.0,0.0
demo,0.0,100.0,0.0,1.0,1.0,0.0,0.0,0.0,10.0,0.0,1.0
com.ewolff.microservice.customer,0.166666667,83.333333333,2.0,0.0,6.0,1.0,1.741935484,54.0,150.0,0.833333333,0.0
com.ewolff.microservice.customer.cdc,0.0,100.0,0.0,1.0,4.0,0.0,1.975308642,53.333333333,141.0,0.0,1.0
com.ewolff.microservice.customer.web,0.0,200.0,0.0,1.0,1.0,0.0,2.142857143,15.0,28.0,0.0,1.0
com.ewolff.microservice.catalog,0.142857143,100.0,2.0,0.0,7.0,1.0,1.461538462,38.0,122.0,0.857142857,0.0
com.ewolff.microservice.catalog.cdc,0.0,100.0,0.0,1.0,4.0,0.0,1.766666667,35.333333333,102.0,0.0,1.0
com.ewolff.microservice.catalog.web,0.0,200.0,0.0,1.0,1.0,0.0,1.777777778,16.0,34.0,0.0,1.0
com.ewolff.microservice.order,0.0,0.0,3.0,0.0,2.0,0.0,1.0,3.0,15.0,1.0,0.0
com.ewolff.microservice.order.catalogstub,0.0,100.0,0.0,1.0,1.0,0.0,1.5,3.0,11.0,0.0,1.0
com.ewolff.microservice.order.clients,0.0,33.333333333,5.0,0.0,6.0,0.0,1.706349206,71.666666667,219.0,1.0,0.0
com.ewolff.microservice.order.customerstub,0.0,100.0,0.0,1.0,1.0,0.0,1.5,3.0,11.0,0.0,1.0
com.ewolff.microservice.order.logic,0.111111111,288.888888889,0.0,7.0,9.0,1.0,2.29787234,108.0,236.0,0.111111111,1.0
pl.piomin.services.account,0.0,50.0,0.0,1.0,2.0,0.0,2.0,10.0,31.0,0.0,1.0
pl.piomin.services.account.controller,0.0,200.0,0.0,1.0,1.0,0.0,1.75,7.0,20.0,0.0,1.0
pl.piomin.services.account.model,0.0,0.0,3.0,0.0,1.0,0.0,1.272727273,14.0,40.0,1.0,0.0
pl.piomin.services.account.repository,1.0,0.0,1.0,1.0,1.0,1.0,2.0,2.0,3.0,0.5,0.5
pl.piomin.services.discovery,0.0,0.0,0.0,0.0,2.0,0.0,0.5,1.0,12.0,,
pl.piomin.services.gateway,0.0,50.0,0.0,0.0,4.0,0.0,1.166666667,7.0,31.0,,
com.example,0.2,40.0,0.0,0.0,5.0,1.0,1.0,8.0,37.0,,
com.example,0.0,0.0,0.0,0.0,2.0,0.0,0.5,1.0,9.0,,
com.example,0.0,125.0,0.0,1.0,4.0,0.0,1.333333333,8.0,39.0,0.0,1.0
com.example.dto,0.0,50.0,3.0,0.0,4.0,0.0,1.407407407,38.0,101.0,1.0,0.0
com.example.service,0.75,125.0,1.0,2.0,4.0,3.0,1.111111111,10.0,38.0,0.416666667,0.666666667
com.example,0.142857143,57.142857143,0.0,0.0,7.0,1.0,1.16,29.0,119.0,,
com.example,0.0,0.0,0.0,0.0,2.0,0.0,0.5,1.0,9.0,,
com.example,0.222222222,77.777777778,0.0,0.0,9.0,2.0,2.441860465,105.0,188.0,,
org.flowant.website.registry,0.0,0.0,0.0,0.0,2.0,0.0,1.0,2.0,10.0,,
org.flowant.authserver,0.0,200.0,0.0,5.0,5.0,0.0,0.166666667,4.0,148.0,0.0,1.0
org.flowant.website,0.0,0.0,5.0,2.0,8.0,0.0,1.349206349,28.333333333,148.0,0.714285714,0.285714286
org.flowant.website.controller,0.0,0.0,1.0,0.0,3.0,0.0,1.4,7.0,27.0,1.0,0.0
org.flowant.website.repository,0.0,0.0,1.0,0.0,2.0,0.0,2.0,2.0,12.0,1.0,0.0
org.flowant.website.repository.devutil,0.0,0.0,4.0,0.0,1.0,0.0,1.1,5.5,37.0,1.0,0.0
org.flowant.gateway,0.0,0.0,0.0,0.0,1.0,0.0,0.0,0.0,4.0,,
org.flowant.website.gateway,0.0,0.0,0.0,0.0,2.0,0.0,1.333333333,4.0,21.0,,
org.flowant.website,0.0,200.0,3.0,1.0,3.0,0.0,0.75,3.0,32.0,0.75,0.25
org.flowant.website.event,0.0,0.0,0.0,0.0,1.0,0.0,1.0,1.0,9.0,,
org.flowant.website.integration,0.0,3400.0,0.0,1.0,1.0,0.0,137.857142857,965.0,135.0,0.0,1.0
org.flowant.website.model,0.175,237.5,53.0,10.0,40.0,7.0,4.419517103,313.785714286,449.0,0.666269841,0.158730159
org.flowant.website.repository,0.52173913,460.869565217,1.0,42.0,46.0,24.0,3.729567487,555.705555556,772.0,0.498483316,0.976744186
org.flowant.website.util,0.0,25.0,23.0,0.0,4.0,0.0,8.2,41.0,29.0,1.0,0.0
org.flowant.website.util.test,0.0,445.454545455,19.0,9.0,11.0,0.0,2.738709677,169.8,316.0,0.678571429,0.321428571
io.javabrains.moviecatalogservice,0.0,0.0,0.0,0.0,2.0,0.0,0.666666667,2.0,12.0,,
io.javabrains.moviecatalogservice.models,0.0,25.0,1.0,0.0,4.0,0.0,1.32,33.0,96.0,1.0,0.0
io.javabrains.moviecatalogservice.resources,0.0,400.0,0.0,1.0,1.0,0.0,25.333333333,25.333333333,8.0,0.0,1.0
io.javabrains.movieinfoservice,0.0,0.0,0.0,0.0,2.0,0.0,0.666666667,2.0,12.0,,
io.javabrains.movieinfoservice.models,0.0,0.0,1.0,0.0,2.0,0.0,1.230769231,16.0,51.0,1.0,0.0
io.javabrains.movieinfoservice.resources,0.0,200.0,0.0,1.0,1.0,0.0,4.666666667,4.666666667,8.0,0.0,1.0
io.javabrains.ratingsdataservice,0.0,0.0,0.0,0.0,2.0,0.0,0.5,1.0,9.0,,
io.javabrains.ratingsdataservice.model,0.0,50.0,1.0,0.0,2.0,0.0,1.2,12.0,40.0,1.0,0.0
io.javabrains.ratingsdataservice.resources,0.0,200.0,0.0,1.0,1.0,0.0,2.0,4.0,10.0,0.0,1.0
io.javabrains.discoveryserver,0.0,0.0,0.0,0.0,2.0,0.0,0.5,1.0,9.0,,
com.piggymetrics.account,0.0,0.0,0.0,0.0,2.0,0.0,0.5,1.0,9.0,,
com.piggymetrics.account.client,0.5,175.0,2.0,4.0,4.0,2.0,1.0,5.0,23.0,0.166666667,0.666666667
com.piggymetrics.account.config,0.0,0.0,0.0,1.0,1.0,0.0,1.166666667,7.0,21.0,0.0,1.0
com.piggymetrics.account.controller,0.0,300.0,0.0,2.0,3.0,0.0,2.416666667,29.0,92.0,0.0,1.0
com.piggymetrics.account.domain,0.0,50.0,11.0,0.0,4.0,0.0,1.0,36.0,134.0,1.0,0.0
com.piggymetrics.account.repository,0.5,200.0,2.0,2.0,2.0,1.0,34.333333333,103.0,49.0,0.0,0.5
com.piggymetrics.account.service,0.333333333,566.666666667,2.0,3.0,3.0,1.0,391.9,4702.8,135.0,0.066666667,0.6
com.piggymetrics.account.service.security,0.0,0.0,1.0,0.0,1.0,0.0,1.9,19.0,76.0,1.0,0.0
com.piggymetrics.turbine,0.0,0.0,0.0,0.0,2.0,0.0,0.5,1.0,9.0,,
com.piggymetrics.registry,0.0,0.0,0.0,0.0,1.0,0.0,1.0,1.0,5.0,,
com.piggymetrics.statistics,0.0,133.333333333,0.0,2.0,3.0,0.0,0.666666667,2.0,19.0,0.0,1.0
com.piggymetrics.statistics.client,0.333333333,200.0,2.0,3.0,3.0,1.0,14.0,56.0,31.0,0.066666667,0.6
com.piggymetrics.statistics.config,0.0,0.0,0.0,1.0,1.0,0.0,1.0,1.0,6.0,0.0,1.0
com.piggymetrics.statistics.controller,0.0,500.0,0.0,2.0,2.0,0.0,11.142857143,78.0,59.0,0.0,1.0
com.piggymetrics.statistics.domain,0.0,50.0,10.0,0.0,4.0,0.0,1.0,31.0,116.0,1.0,0.0
com.piggymetrics.statistics.domain.timeseries,0.0,66.666666667,9.0,0.0,3.0,0.0,1.263157895,24.0,82.0,1.0,0.0
com.piggymetrics.statistics.repository,0.5,200.0,2.0,2.0,2.0,1.0,35.333333333,106.0,40.0,0.0,0.5
com.piggymetrics.statistics.repository.converter,0.0,0.0,1.0,2.0,2.0,0.0,2.0,4.0,16.0,0.333333333,0.666666667
com.piggymetrics.statistics.service,0.333333333,433.333333333,2.0,5.0,6.0,2.0,25.829166667,516.583333333,168.0,0.047619048,0.714285714
com.piggymetrics.statistics.service.security,0.0,0.0,1.0,0.0,1.0,0.0,1.9,19.0,76.0,1.0,0.0
com.piggymetrics.monitoring,0.0,0.0,0.0,0.0,2.0,0.0,0.5,1.0,9.0,,
com.piggymetrics.config,0.0,0.0,0.0,0.0,2.0,0.0,1.0,2.0,11.0,,
com.piggymetrics.notification,0.0,133.333333333,0.0,2.0,3.0,0.0,0.666666667,2.0,19.0,0.0,1.0
com.piggymetrics.notification.client,1.0,0.0,2.0,0.0,1.0,1.0,2.0,2.0,3.0,0.0,0.0
com.piggymetrics.notification.config,0.0,0.0,0.0,0.0,1.0,0.0,1.0,3.0,11.0,,
com.piggymetrics.notification.controller,0.0,300.0,0.0,2.0,2.0,0.0,4.333333333,26.0,44.0,0.0,1.0
com.piggymetrics.notification.domain,0.0,50.0,12.0,0.0,2.0,0.0,1.0,13.0,49.0,1.0,0.0
com.piggymetrics.notification.repository,0.5,150.0,2.0,2.0,2.0,1.0,105.625,845.0,84.0,0.0,0.5
com.piggymetrics.notification.repository.converter,0.0,0.0,1.0,0.0,2.0,0.0,2.0,4.0,10.0,1.0,0.0
com.piggymetrics.notification.service,0.333333333,266.666666667,2.0,8.0,9.0,3.0,2.25,60.75,212.0,0.133333333,0.8
com.piggymetrics.auth,0.0,0.0,0.0,0.0,2.0,0.0,0.5,1.0,9.0,,
com.piggymetrics.auth.config,0.0,0.0,0.0,2.0,2.0,0.0,1.0,6.0,28.0,0.0,1.0
com.piggymetrics.auth.controller,0.0,250.0,0.0,2.0,2.0,0.0,0.5,3.0,35.0,0.0,1.0
com.piggymetrics.auth.domain,0.0,0.0,8.0,0.0,1.0,0.0,1.0,9.0,31.0,1.0,0.0
com.piggymetrics.auth.repository,0.5,100.0,4.0,2.0,2.0,1.0,0.0,0.0,15.0,0.166666667,0.333333333
com.piggymetrics.auth.service,0.333333333,233.333333333,2.0,3.0,3.0,1.0,0.4,2.0,37.0,0.066666667,0.6
com.piggymetrics.auth.service.security,0.0,150.0,2.0,2.0,2.0,0.0,0.5,2.0,22.0,0.5,0.5
com.piggymetrics.gateway,0.0,0.0,0.0,0.0,2.0,0.0,0.333333333,1.0,11.0,,
com.ewolff.microservice.invoicing,0.076923077,130.769230769,3.0,0.0,13.0,1.0,1.578828829,116.833333333,323.0,0.923076923,0.0
com.ewolff.microservice.invoicing.events,0.0,100.0,0.0,2.0,2.0,0.0,1.666666667,5.0,18.0,0.0,1.0
com.ewolff.microservice.invoicing.web,0.0,100.0,0.0,1.0,1.0,0.0,1.666666667,5.0,12.0,0.0,1.0
com.ewolff.microservice.shipping,0.076923077,123.076923077,3.0,0.0,13.0,1.0,1.348258706,90.333333333,299.0,0.923076923,0.0
com.ewolff.microservice.shipping.events,0.0,100.0,0.0,2.0,2.0,0.0,1.666666667,5.0,18.0,0.0,1.0
com.ewolff.microservice.shipping.web,0.0,100.0,0.0,1.0,1.0,0.0,1.666666667,5.0,12.0,0.0,1.0
com.ewolff.microservice.order,0.0,166.666666667,3.0,1.0,3.0,0.0,1.6,8.0,33.0,0.75,0.25
com.ewolff.microservice.order.customer,0.25,50.0,3.0,0.0,4.0,1.0,1.631578947,31.0,74.0,0.75,0.0
com.ewolff.microservice.order.item,0.25,50.0,4.0,0.0,4.0,1.0,1.578947368,30.0,70.0,0.75,0.0
com.ewolff.microservice.order.kafka,0.0,133.333333333,0.0,1.0,3.0,0.0,4.75,19.0,50.0,0.0,1.0
com.ewolff.microservice.order.logic,0.125,300.0,2.0,5.0,8.0,1.0,1.927966102,113.75,275.0,0.160714286,0.714285714
io.github.jhipster.registry,0.0,50.0,0.0,2.0,2.0,0.0,1.25,5.0,40.0,0.0,1.0
io.github.jhipster.registry.aop.logging,0.0,0.0,1.0,0.0,1.0,0.0,1.5,6.0,31.0,1.0,0.0
io.github.jhipster.registry.config,0.0,9.090909091,3.0,2.0,11.0,0.0,1.405405405,52.0,282.0,0.6,0.4
io.github.jhipster.registry.filters,0.0,66.666666667,0.0,2.0,3.0,0.0,1.4,7.0,30.0,0.0,1.0
io.github.jhipster.registry.filters.accesscontrol,0.0,0.0,2.0,0.0,1.0,0.0,1.833333333,11.0,53.0,1.0,0.0
io.github.jhipster.registry.security,0.0,0.0,2.0,0.0,2.0,0.0,2.0,4.0,14.0,1.0,0.0
io.github.jhipster.registry.security.jwt,0.0,0.0,3.0,0.0,3.0,0.0,1.9,19.0,95.0,1.0,0.0
io.github.jhipster.registry.service,0.0,100.0,0.0,1.0,1.0,0.0,2.0,4.0,53.0,0.0,1.0
io.github.jhipster.registry.service.dto,0.0,0.0,2.0,0.0,1.0,0.0,3.4,17.0,21.0,1.0,0.0
io.github.jhipster.registry.utils,1.0,0.0,4.0,0.0,1.0,1.0,2.0,6.0,16.0,0.0,0.0
io.github.jhipster.registry.web.rest,0.0,93.75,1.0,9.0,16.0,0.0,1.691812865,96.433333333,453.0,0.1,0.9
io.github.jhipster.registry.web.rest.errors,0.0,145.454545455,0.0,2.0,11.0,0.0,34.756097561,1425.0,325.0,0.0,1.0
io.github.jhipster.registry.web.rest.vm,0.0,77.777777778,7.0,3.0,9.0,0.0,3.079365079,194.0,363.0,0.7,0.3
pl.piomin.services.discovery,0.0,0.0,0.0,0.0,1.0,0.0,1.0,1.0,5.0,,
pl.piomin.services.gateway,0.0,0.0,0.0,0.0,1.0,0.0,2.0,4.0,13.0,,
pl.piomin.services.config,0.0,0.0,0.0,0.0,1.0,0.0,1.0,1.0,5.0,,
pl.piomin.services.organization,0.0,166.666666667,0.0,3.0,3.0,0.0,2.0,16.0,50.0,0.0,1.0
pl.piomin.services.organization.client,1.0,100.0,1.0,2.0,2.0,2.0,2.0,6.0,7.0,0.666666667,0.666666667
pl.piomin.services.organization.controller,0.0,400.0,0.0,1.0,1.0,0.0,1.916666667,11.5,36.0,0.0,1.0
pl.piomin.services.organization.model,0.0,100.0,7.0,0.0,3.0,0.0,1.181818182,39.0,118.0,1.0,0.0
pl.piomin.services.organization.repository,0.0,100.0,3.0,1.0,1.0,0.0,1.666666667,5.0,14.0,0.75,0.25
pl.piomin.services.employee,0.0,166.666666667,0.0,3.0,3.0,0.0,1.916666667,23.0,77.0,0.0,1.0
pl.piomin.services.employee.controller,0.0,200.0,0.0,1.0,1.0,0.0,1.9,9.5,24.0,0.0,1.0
pl.piomin.services.employee.model,0.0,0.0,5.0,0.0,1.0,0.0,1.333333333,20.0,56.0,1.0,0.0
pl.piomin.services.employee.repository,0.0,100.0,3.0,1.0,1.0,0.0,1.8,9.0,20.0,0.75,0.25
pl.piomin.services.department,0.0,233.333333333,0.0,3.0,3.0,0.0,2.0,22.0,68.0,0.0,1.0
pl.piomin.services.department.client,1.0,100.0,2.0,1.0,1.0,1.0,2.0,2.0,3.0,0.333333333,0.333333333
pl.piomin.services.department.controller,0.0,300.0,0.0,1.0,1.0,0.0,2.083333333,12.5,31.0,0.0,1.0
pl.piomin.services.department.model,0.0,50.0,6.0,0.0,2.0,0.0,1.227272727,27.0,80.0,1.0,0.0
pl.piomin.services.department.repository,0.0,100.0,3.0,1.0,1.0,0.0,1.75,7.0,17.0,0.75,0.25
plan,0.0,0.0,0.0,0.0,1.0,0.0,1.5,3.0,8.0,,
plan.config,0.0,0.0,0.0,0.0,1.0,0.0,1.0,3.0,12.0,,
plan.controller,0.0,150.0,0.0,2.0,2.0,0.0,1.111111111,10.0,53.0,0.0,1.0
plan.service,0.333333333,66.666666667,2.0,0.0,3.0,1.0,2.133333333,32.0,275.0,0.666666667,0.0
travel2,0.0,0.0,0.0,0.0,1.0,0.0,1.5,3.0,8.0,,
travel2.config,0.0,0.0,0.0,0.0,1.0,0.0,1.0,3.0,14.0,,
travel2.controller,0.0,150.0,0.0,2.0,2.0,0.0,1.269230769,33.0,141.0,0.0,1.0
travel2.entity,0.0,75.0,3.0,0.0,4.0,0.0,3.0,15.0,57.0,1.0,0.0
travel2.init,0.0,0.0,0.0,1.0,1.0,0.0,1.0,1.0,55.0,0.0,1.0
travel2.repository,1.0,0.0,2.0,1.0,1.0,1.0,1.5,6.0,6.0,0.333333333,0.333333333
travel2.service,0.333333333,300.0,3.0,2.0,3.0,1.0,2.057692308,107.0,538.0,0.266666667,0.4
cancel,0.0,0.0,0.0,0.0,1.0,0.0,1.5,3.0,8.0,,
cancel.config,0.0,0.0,0.0,0.0,1.0,0.0,1.0,3.0,12.0,,
cancel.controller,0.0,150.0,0.0,2.0,2.0,0.0,1.285714286,9.0,44.0,0.0,1.0
cancel.entity,0.0,0.0,0.0,0.0,3.0,0.0,1.0,3.0,17.0,,
cancel.service,0.333333333,66.666666667,2.0,0.0,3.0,1.0,1.909090909,42.0,293.0,0.666666667,0.0
verifycode,0.0,0.0,0.0,0.0,1.0,0.0,1.5,3.0,8.0,,
verifycode.config,0.0,0.0,0.0,0.0,1.0,0.0,1.0,3.0,12.0,,
verifycode.controller,0.0,150.0,0.0,2.0,2.0,0.0,1.6,8.0,47.0,0.0,1.0
verifycode.service,0.5,50.0,3.0,1.0,2.0,1.0,3.0,12.0,20.0,0.25,0.25
verifycode.service.impl,0.0,100.0,1.0,1.0,1.0,0.0,4.777777778,14.333333333,92.0,0.5,0.5
verifycode.util,0.0,0.0,1.0,0.0,1.0,0.0,2.5,10.0,28.0,1.0,0.0
consignprice,0.0,0.0,0.0,0.0,1.0,0.0,1.5,3.0,10.0,,
consignprice.config,0.0,0.0,0.0,0.0,1.0,0.0,1.0,3.0,12.0,,
consignprice.controller,0.0,250.0,0.0,2.0,2.0,0.0,1.181818182,13.0,58.0,0.0,1.0
consignprice.entity,0.0,0.0,7.0,0.0,1.0,0.0,1.0,1.0,10.0,1.0,0.0
consignprice.init,0.0,0.0,0.0,1.0,1.0,0.0,1.0,1.0,15.0,0.0,1.0
consignprice.repository,1.0,0.0,2.0,1.0,1.0,1.0,2.0,2.0,3.0,0.333333333,0.333333333
consignprice.service,0.333333333,233.333333333,3.0,3.0,3.0,1.0,1.375,22.0,114.0,0.166666667,0.5
assurance,0.0,0.0,0.0,0.0,1.0,0.0,1.5,3.0,8.0,,
assurance.config,0.0,0.0,0.0,0.0,1.0,0.0,1.0,3.0,12.0,,
assurance.controller,0.0,150.0,0.0,2.0,2.0,0.0,1.421052632,27.0,96.0,0.0,1.0
assurance.entity,0.0,0.0,3.0,0.0,3.0,0.0,2.0,6.0,27.0,1.0,0.0
assurance.init,0.0,0.0,0.0,1.0,1.0,0.0,1.0,1.0,6.0,0.0,1.0
assurance.repository,1.0,0.0,3.0,1.0,1.0,1.0,1.4,7.0,7.0,0.25,0.25
assurance.service,0.333333333,333.333333333,3.0,2.0,3.0,1.0,1.515151515,50.0,251.0,0.266666667,0.4
admintravel,0.0,0.0,0.0,0.0,1.0,0.0,1.5,3.0,8.0,,
admintravel.config,0.0,0.0,0.0,0.0,1.0,0.0,1.0,3.0,12.0,,
admintravel.controller,0.0,150.0,0.0,2.0,2.0,0.0,1.181818182,13.0,60.0,0.0,1.0
admintravel.service,0.333333333,66.666666667,2.0,0.0,3.0,1.0,1.5,36.0,290.0,0.666666667,0.0
config,0.0,0.0,0.0,0.0,2.0,0.0,1.2,6.0,21.0,,
config.controller,0.0,250.0,0.0,2.0,2.0,0.0,1.230769231,16.0,69.0,0.0,1.0
config.entity,0.0,0.0,7.0,0.0,1.0,0.0,2.5,5.0,14.0,1.0,0.0
config.init,0.0,0.0,0.0,1.0,1.0,0.0,1.0,1.0,10.0,0.0,1.0
config.repository,1.0,0.0,2.0,1.0,1.0,1.0,1.333333333,4.0,5.0,0.333333333,0.333333333
config.service,0.333333333,233.333333333,3.0,3.0,3.0,1.0,1.333333333,28.0,137.0,0.166666667,0.5
adminorder.controller,0.0,300.0,0.0,1.0,1.0,0.0,0.0,0.0,47.0,0.0,1.0
adminorder.service,0.0,300.0,0.0,1.0,1.0,0.0,0.0,0.0,75.0,0.0,1.0
foodsearch,0.0,0.0,0.0,0.0,1.0,0.0,1.5,3.0,8.0,,
foodsearch.config,0.0,0.0,1.0,0.0,2.0,0.0,1.0,4.0,19.0,1.0,0.0
foodsearch.controller,0.0,400.0,1.0,1.0,1.0,0.0,2.777777778,25.0,46.0,0.5,0.5
foodsearch.entity,0.0,0.0,6.0,0.0,3.0,0.0,1.0,3.0,25.0,1.0,0.0
foodsearch.mq,0.0,0.0,2.0,1.0,1.0,0.0,1.0,1.0,8.0,0.666666667,0.333333333
foodsearch.repository,1.0,0.0,2.0,1.0,1.0,1.0,1.4,7.0,7.0,0.333333333,0.333333333
foodsearch.service,0.5,350.0,3.0,2.0,2.0,1.0,3.2,48.0,215.0,0.1,0.4
preserve,0.0,0.0,0.0,0.0,1.0,0.0,1.5,3.0,8.0,,
preserve.config,0.0,0.0,1.0,0.0,2.0,0.0,1.0,4.0,18.0,1.0,0.0
preserve.controller,0.0,150.0,0.0,2.0,2.0,0.0,0.8,4.0,31.0,0.0,1.0
preserve.mq,0.0,0.0,1.0,1.0,1.0,0.0,1.0,1.0,8.0,0.5,0.5
preserve.service,0.333333333,100.0,2.0,1.0,3.0,1.0,2.526315789,48.0,342.0,0.333333333,0.333333333
edu.fudan.common.config,0.0,0.0,0.0,0.0,1.0,0.0,1.25,2.5,11.0,,
edu.fudan.common.entity,0.0,48.648648649,0.0,4.0,37.0,0.0,1.666666667,95.0,573.0,0.0,1.0
edu.fudan.common.exception,0.0,50.0,1.0,0.0,2.0,0.0,2.333333333,7.0,13.0,1.0,0.0
edu.fudan.common.security.jwt,0.0,50.0,0.0,1.0,2.0,0.0,2.0,16.0,64.0,0.0,1.0
edu.fudan.common.util,0.0,0.0,4.0,0.0,3.0,0.0,2.111111111,19.0,71.0,1.0,0.0
rebook.entity,0.0,0.0,0.0,0.0,1.0,0.0,1.0,1.0,6.0,,
execute,0.0,0.0,0.0,0.0,1.0,0.0,1.5,3.0,8.0,,
execute.config,0.0,0.0,0.0,0.0,1.0,0.0,1.0,3.0,12.0,,
execute.controller,0.0,150.0,0.0,2.0,2.0,0.0,1.142857143,8.0,38.0,0.0,1.0
execute.serivce,0.5,50.0,3.0,0.0,2.0,1.0,3.111111111,28.0,121.0,0.5,0.0
execute.service,0.0,100.0,0.0,1.0,1.0,0.0,0.0,0.0,63.0,0.0,1.0
route,0.0,0.0,0.0,0.0,1.0,0.0,1.5,3.0,8.0,,
route.config,0.0,0.0,0.0,0.0,1.0,0.0,1.0,3.0,12.0,,
route.controller,0.0,250.0,0.0,2.0,2.0,0.0,1.357142857,19.0,71.0,0.0,1.0
route.entity,0.0,0.0,7.0,0.0,2.0,0.0,4.0,12.0,31.0,1.0,0.0
route.init,0.0,0.0,0.0,1.0,1.0,0.0,1.0,1.0,69.0,0.0,1.0
route.repository,1.0,0.0,2.0,1.0,1.0,1.0,1.8,9.0,7.0,0.333333333,0.333333333
route.service,0.333333333,300.0,3.0,3.0,3.0,1.0,1.5,36.0,181.0,0.166666667,0.5
adminroute,0.0,0.0,0.0,0.0,1.0,0.0,1.5,3.0,8.0,,
adminroute.config,0.0,0.0,0.0,0.0,1.0,0.0,1.0,3.0,12.0,,
adminroute.controller,0.0,150.0,0.0,2.0,2.0,0.0,1.111111111,10.0,49.0,0.0,1.0
adminroute.service,0.333333333,66.666666667,2.0,0.0,3.0,1.0,1.75,21.0,101.0,0.666666667,0.0
seat,0.0,0.0,0.0,0.0,1.0,0.0,1.5,3.0,8.0,,
seat.config,0.0,0.0,0.0,0.0,1.0,0.0,1.0,3.0,12.0,,
seat.controller,0.0,150.0,0.0,2.0,2.0,0.0,1.0,7.0,42.0,0.0,1.0
seat.service,0.333333333,66.666666667,2.0,0.0,3.0,1.0,1.583333333,19.0,223.0,0.666666667,0.0
contacts,0.0,0.0,0.0,0.0,1.0,0.0,1.5,3.0,8.0,,
contacts.config,0.0,0.0,0.0,0.0,1.0,0.0,1.0,3.0,12.0,,
contacts.controller,0.0,250.0,0.0,2.0,2.0,0.0,1.235294118,21.0,94.0,0.0,1.0
contacts.entity,0.0,0.0,7.0,0.0,1.0,0.0,1.333333333,4.0,28.0,1.0,0.0
contacts.init,0.0,0.0,0.0,1.0,1.0,0.0,1.0,1.0,21.0,0.0,1.0
contacts.repository,1.0,0.0,2.0,1.0,1.0,1.0,2.0,10.0,7.0,0.333333333,0.333333333
contacts.service,0.333333333,233.333333333,3.0,3.0,3.0,1.0,1.428571429,40.0,185.0,0.166666667,0.5
other,0.0,0.0,0.0,0.0,1.0,0.0,1.5,3.0,8.0,,
other.config,0.0,0.0,0.0,0.0,1.0,0.0,1.0,3.0,14.0,,
other.controller,0.0,350.0,0.0,2.0,2.0,0.0,1.454545455,48.0,171.0,0.0,1.0
other.entity,0.0,33.333333333,7.0,0.0,3.0,0.0,1.0,11.0,98.0,1.0,0.0
other.init,0.0,0.0,0.0,1.0,1.0,0.0,1.0,1.0,22.0,0.0,1.0
other.repository,1.0,0.0,2.0,1.0,1.0,1.0,1.8,9.0,7.0,0.333333333,0.333333333
other.service,0.333333333,433.333333333,3.0,3.0,3.0,1.0,1.671052632,127.0,660.0,0.166666667,0.5
inside_payment,0.0,0.0,0.0,0.0,1.0,0.0,1.5,3.0,8.0,,
inside_payment.async,0.0,50.0,0.0,1.0,2.0,0.0,1.333333333,4.0,34.0,0.0,1.0
inside_payment.config,0.0,0.0,0.0,0.0,1.0,0.0,1.0,3.0,12.0,,
inside_payment.controller,0.0,350.0,0.0,2.0,2.0,0.0,1.263157895,24.0,98.0,0.0,1.0
inside_payment.entity,0.0,0.0,9.0,0.0,6.0,0.0,1.0,6.0,51.0,1.0,0.0
inside_payment.init,0.0,0.0,0.0,1.0,1.0,0.0,1.0,1.0,18.0,0.0,1.0
inside_payment.repository,1.0,0.0,3.0,2.0,2.0,2.0,1.666666667,10.0,10.0,0.4,0.4
inside_payment.service,0.333333333,600.0,3.0,3.0,3.0,1.0,1.594594595,59.0,397.0,0.166666667,0.5
inside_payment.util,0.0,0.0,0.0,0.0,1.0,0.0,2.5,10.0,32.0,,
security,0.0,0.0,0.0,0.0,1.0,0.0,1.5,3.0,8.0,,
security.config,0.0,0.0,0.0,0.0,1.0,0.0,1.0,3.0,12.0,,
security.controller,0.0,250.0,0.0,2.0,2.0,0.0,1.230769231,16.0,69.0,0.0,1.0
security.entity,0.0,0.0,0.0,0.0,1.0,0.0,1.0,1.0,8.0,,
security.init,0.0,0.0,0.0,1.0,1.0,0.0,1.0,1.0,15.0,0.0,1.0
security.repository,1.0,0.0,2.0,1.0,1.0,1.0,1.5,6.0,6.0,0.333333333,0.333333333
security.service,0.333333333,233.333333333,3.0,3.0,3.0,1.0,1.652173913,38.0,173.0,0.166666667,0.5
fdse.microservice,0.0,0.0,0.0,0.0,1.0,0.0,1.5,3.0,8.0,,
fdse.microservice.config,0.0,0.0,0.0,0.0,1.0,0.0,1.0,3.0,14.0,,
fdse.microservice.controller,0.0,250.0,0.0,2.0,2.0,0.0,1.315789474,25.0,101.0,0.0,1.0
fdse.microservice.entity,0.0,0.0,7.0,0.0,1.0,0.0,1.75,7.0,18.0,1.0,0.0
fdse.microservice.init,0.0,0.0,0.0,1.0,1.0,0.0,1.0,1.0,57.0,0.0,1.0
fdse.microservice.repository,1.0,0.0,2.0,1.0,1.0,1.0,1.75,7.0,6.0,0.333333333,0.333333333
fdse.microservice.service,0.333333333,233.333333333,3.0,3.0,3.0,1.0,1.405405405,52.0,234.0,0.166666667,0.5
consign,0.0,0.0,0.0,0.0,1.0,0.0,1.5,3.0,8.0,,
consign.config,0.0,0.0,0.0,0.0,1.0,0.0,1.0,3.0,12.0,,
consign.controller,0.0,250.0,0.0,2.0,2.0,0.0,1.307692308,17.0,73.0,0.0,1.0
consign.entity,0.0,0.0,6.0,0.0,4.0,0.0,1.0,2.0,38.0,1.0,0.0
consign.init,0.0,0.0,0.0,1.0,1.0,0.0,1.0,1.0,6.0,0.0,1.0
consign.repository,1.0,0.0,3.0,1.0,1.0,1.0,2.0,8.0,6.0,0.25,0.25
consign.service,0.333333333,300.0,3.0,3.0,3.0,1.0,1.523809524,32.0,173.0,0.166666667,0.5
train,0.0,0.0,0.0,0.0,1.0,0.0,1.5,3.0,8.0,,
train.config,0.0,0.0,0.0,0.0,1.0,0.0,1.0,3.0,13.0,,
train.controller,0.0,250.0,0.0,2.0,2.0,0.0,1.1,22.0,144.0,0.0,1.0
train.entity,0.0,0.0,7.0,0.0,1.0,0.0,3.333333333,10.0,20.0,1.0,0.0
train.init,0.0,0.0,0.0,1.0,1.0,0.0,1.0,1.0,41.0,0.0,1.0
train.repository,1.0,0.0,2.0,1.0,1.0,1.0,1.6,8.0,7.0,0.333333333,0.333333333
train.service,0.333333333,233.333333333,3.0,3.0,3.0,1.0,1.666666667,40.0,141.0,0.166666667,0.5
travel,0.0,0.0,0.0,0.0,1.0,0.0,1.5,3.0,8.0,,
travel.config,0.0,0.0,0.0,0.0,1.0,0.0,1.0,3.0,12.0,,
travel.controller,0.0,150.0,0.0,2.0,2.0,0.0,1.333333333,36.0,150.0,0.0,1.0
travel.entity,0.0,75.0,3.0,0.0,4.0,0.0,2.714285714,19.0,61.0,1.0,0.0
travel.init,0.0,0.0,0.0,1.0,1.0,0.0,1.0,1.0,55.0,0.0,1.0
travel.repository,1.0,0.0,2.0,1.0,1.0,1.0,1.5,6.0,6.0,0.333333333,0.333333333
travel.service,0.25,250.0,3.0,3.0,4.0,1.0,2.210526316,126.0,629.0,0.25,0.5
fdse.microservice,0.0,0.0,0.0,0.0,1.0,0.0,1.5,3.0,8.0,,
fdse.microservice.config,0.0,0.0,0.0,0.0,1.0,0.0,1.0,3.0,12.0,,
fdse.microservice.controller,0.0,150.0,0.0,2.0,2.0,0.0,1.375,11.0,44.0,0.0,1.0
fdse.microservice.service,0.333333333,66.666666667,2.0,0.0,3.0,1.0,2.25,45.0,420.0,0.666666667,0.0
org.myproject.ms.monitoring,0.384615385,103.846153846,53.0,0.0,26.0,10.0,2.147579143,384.416666667,1128.0,0.615384615,0.0
org.myproject.ms.monitoring.antn,0.1875,150.0,0.0,8.0,16.0,3.0,1.87797619,105.166666667,409.0,0.1875,1.0
org.myproject.ms.monitoring.atcfg,0.0,400.0,5.0,1.0,3.0,0.0,1.458333333,17.5,66.0,0.833333333,0.166666667
org.myproject.ms.monitoring.instrument.async,0.0,256.25,2.0,11.0,16.0,0.0,4.565853659,374.4,489.0,0.153846154,0.846153846
org.myproject.ms.monitoring.instrument.messaging.websocket,0.0,0.0,0.0,1.0,1.0,0.0,1.0,3.0,14.0,0.0,1.0
org.myproject.ms.monitoring.instrument.msg,0.272727273,300.0,1.0,9.0,11.0,3.0,5.246666667,209.866666667,332.0,0.172727273,0.9
org.myproject.ms.monitoring.instrument.rest,0.25,100.0,0.0,4.0,4.0,1.0,2.416666667,29.0,197.0,0.25,1.0
org.myproject.ms.monitoring.instrument.schedl,0.0,266.666666667,1.0,2.0,3.0,0.0,3.914285714,27.4,47.0,0.333333333,0.666666667
org.myproject.ms.monitoring.instrument.web,0.107142857,178.571428571,2.0,16.0,28.0,3.0,2.285251701,399.919047619,1169.0,0.003968254,0.888888889
org.myproject.ms.monitoring.instrument.web.client,0.071428571,157.142857143,0.0,12.0,14.0,1.0,2.204225352,156.5,497.0,0.071428571,1.0
org.myproject.ms.monitoring.lgger,0.166666667,216.666666667,2.0,3.0,6.0,1.0,4.811785714,96.235714286,108.0,0.233333333,0.6
org.myproject.ms.monitoring.mtc,0.125,125.0,0.0,2.0,8.0,1.0,1.523809524,32.0,148.0,0.125,1.0
org.myproject.ms.monitoring.spl,0.0,200.0,3.0,4.0,5.0,0.0,2.296296296,20.666666667,74.0,0.428571429,0.571428571
org.myproject.ms.monitoring.trace,0.2,320.0,1.0,5.0,5.0,1.0,9.617127496,298.130952381,243.0,0.033333333,0.833333333
org.myproject.ms.monitoring.util,0.0,50.0,12.0,2.0,4.0,0.0,1.269230769,16.5,83.0,0.857142857,0.142857143
rebook,0.0,0.0,0.0,0.0,1.0,0.0,1.5,3.0,8.0,,
rebook.config,0.0,0.0,0.0,0.0,1.0,0.0,1.0,3.0,12.0,,
rebook.controller,0.0,250.0,0.0,2.0,2.0,0.0,1.0,7.0,42.0,0.0,1.0
rebook.entity,0.0,0.0,5.0,0.0,1.0,0.0,1.0,1.0,16.0,1.0,0.0
rebook.service,0.333333333,166.666666667,2.0,3.0,3.0,1.0,3.086956522,71.0,414.0,0.066666667,0.6
food,0.0,0.0,0.0,0.0,1.0,0.0,1.5,3.0,8.0,,
food.config,0.0,0.0,0.0,0.0,1.0,0.0,1.0,3.0,12.0,,
food.controller,0.0,150.0,0.0,2.0,2.0,0.0,1.1,11.0,53.0,0.0,1.0
food.entity,0.0,0.0,5.0,0.0,1.0,0.0,1.0,1.0,12.0,1.0,0.0
food.init,0.0,0.0,0.0,1.0,1.0,0.0,1.5,3.0,47.0,0.0,1.0
food.repository,1.0,0.0,2.0,1.0,1.0,1.0,1.6,8.0,7.0,0.333333333,0.333333333
food.service,0.333333333,233.333333333,3.0,3.0,3.0,1.0,1.263157895,24.0,123.0,0.166666667,0.5
trainFood,0.0,0.0,0.0,0.0,1.0,0.0,1.5,3.0,8.0,,
trainFood.config,0.0,0.0,0.0,0.0,1.0,0.0,1.0,3.0,12.0,,
trainFood.controller,0.0,100.0,0.0,1.0,1.0,0.0,2.0,6.0,15.0,0.0,1.0
trainFood.entity,0.0,0.0,4.0,0.0,1.0,0.0,1.0,1.0,8.0,1.0,0.0
trainFood.init,0.0,0.0,0.0,1.0,1.0,0.0,1.5,3.0,39.0,0.0,1.0
trainFood.repository,1.0,0.0,1.0,1.0,1.0,1.0,1.5,6.0,6.0,0.5,0.5
trainFood.service,0.5,200.0,2.0,2.0,2.0,1.0,2.666666667,16.0,42.0,0.0,0.5
gateway,0.0,0.0,0.0,0.0,2.0,0.0,1.0,7.0,33.0,,
com.trainticket,0.0,0.0,0.0,0.0,1.0,0.0,1.5,3.0,8.0,,
com.trainticket.config,0.0,0.0,0.0,0.0,1.0,0.0,1.0,3.0,12.0,,
com.trainticket.controller,0.0,250.0,0.0,2.0,2.0,0.0,1.0,9.0,51.0,0.0,1.0
com.trainticket.entity,0.0,0.0,8.0,0.0,2.0,0.0,1.0,1.0,17.0,1.0,0.0
com.trainticket.init,0.0,0.0,0.0,1.0,1.0,0.0,1.0,1.0,12.0,0.0,1.0
com.trainticket.repository,1.0,0.0,3.0,2.0,2.0,2.0,1.75,7.0,8.0,0.4,0.4
com.trainticket.service,0.333333333,366.666666667,3.0,3.0,3.0,1.0,1.25,20.0,104.0,0.166666667,0.5
preserveOther,0.0,0.0,0.0,0.0,1.0,0.0,1.5,3.0,8.0,,
preserveOther.config,0.0,0.0,1.0,0.0,2.0,0.0,1.0,4.0,18.0,1.0,0.0
preserveOther.controller,0.0,150.0,0.0,2.0,2.0,0.0,0.8,4.0,31.0,0.0,1.0
preserveOther.mq,0.0,0.0,1.0,1.0,1.0,0.0,1.0,1.0,8.0,0.5,0.5
preserveOther.service,0.333333333,100.0,2.0,1.0,3.0,1.0,2.526315789,48.0,344.0,0.333333333,0.333333333
adminorder,0.0,0.0,0.0,0.0,1.0,0.0,1.5,3.0,8.0,,
adminorder.config,0.0,0.0,0.0,0.0,1.0,0.0,1.0,3.0,12.0,,
adminorder.controller,0.0,150.0,0.0,2.0,2.0,0.0,1.272727273,14.0,60.0,0.0,1.0
adminorder.service,0.333333333,66.666666667,2.0,0.0,3.0,1.0,1.444444444,26.0,171.0,0.666666667,0.0
order,0.0,0.0,0.0,0.0,1.0,0.0,1.5,3.0,8.0,,
order.config,0.0,0.0,0.0,0.0,1.0,0.0,1.0,3.0,14.0,,
order.controller,0.0,350.0,0.0,2.0,2.0,0.0,1.575757576,52.0,170.0,0.0,1.0
order.entity,0.0,33.333333333,7.0,0.0,3.0,0.0,1.0,17.0,116.0,1.0,0.0
order.init,0.0,0.0,0.0,1.0,1.0,0.0,1.0,1.0,61.0,0.0,1.0
order.repository,1.0,0.0,2.0,1.0,1.0,1.0,1.8,9.0,7.0,0.333333333,0.333333333
order.service,0.333333333,433.333333333,3.0,3.0,3.0,1.0,2.466374269,187.444444444,658.0,0.166666667,0.5
travelplan,0.0,0.0,0.0,0.0,1.0,0.0,1.5,3.0,8.0,,
travelplan.config,0.0,0.0,0.0,0.0,1.0,0.0,1.0,3.0,12.0,,
travelplan.controller,0.0,250.0,0.0,2.0,2.0,0.0,1.181818182,13.0,64.0,0.0,1.0
travelplan.entity,0.0,0.0,5.0,0.0,3.0,0.0,2.166666667,13.0,44.0,1.0,0.0
travelplan.service,0.333333333,233.333333333,2.0,3.0,3.0,1.0,2.619047619,55.0,275.0,0.066666667,0.6
waitorder,0.0,0.0,0.0,0.0,2.0,0.0,1.0,3.0,12.0,,
waitorder.config,0.0,0.0,0.0,0.0,1.0,0.0,1.0,3.0,14.0,,
waitorder.controller,0.0,200.0,0.0,1.0,1.0,0.0,1.875,7.5,19.0,0.0,1.0
waitorder.entity,0.0,0.0,5.0,0.0,2.0,0.0,1.0,10.0,65.0,1.0,0.0
waitorder.repository,1.0,0.0,2.0,1.0,1.0,1.0,1.5,6.0,6.0,0.333333333,0.333333333
waitorder.service,1.0,200.0,3.0,1.0,1.0,1.0,2.666666667,16.0,8.0,0.25,0.25
waitorder.service.Impl,0.0,350.0,0.0,2.0,2.0,0.0,2.25,27.0,130.0,0.0,1.0
waitorder.utils,0.0,200.0,1.0,1.0,1.0,0.0,2.75,11.0,44.0,0.5,0.5
delivery,0.0,0.0,0.0,0.0,1.0,0.0,1.5,3.0,8.0,,
delivery.config,0.0,0.0,1.0,0.0,1.0,0.0,1.0,1.0,6.0,1.0,0.0
delivery.entity,0.0,0.0,2.0,0.0,1.0,0.0,1.0,1.0,9.0,1.0,0.0
delivery.mq,0.0,200.0,0.0,1.0,1.0,0.0,1.0,1.0,22.0,0.0,1.0
delivery.repository,1.0,0.0,1.0,1.0,1.0,1.0,1.4,7.0,7.0,0.5,0.5
price,0.0,0.0,0.0,0.0,1.0,0.0,1.5,3.0,8.0,,
price.config,0.0,0.0,0.0,0.0,1.0,0.0,1.0,3.0,14.0,,
price.controller,0.0,250.0,0.0,2.0,2.0,0.0,1.357142857,19.0,75.0,0.0,1.0
price.entity,0.0,0.0,7.0,0.0,1.0,0.0,1.0,1.0,10.0,1.0,0.0
price.init,0.0,0.0,0.0,1.0,1.0,0.0,1.0,1.0,67.0,0.0,1.0
price.repository,1.0,0.0,2.0,1.0,1.0,1.0,2.25,9.0,6.0,0.333333333,0.333333333
price.service,0.333333333,233.333333333,3.0,3.0,3.0,1.0,1.615384615,42.0,196.0,0.166666667,0.5
notification,0.0,0.0,0.0,0.0,1.0,0.0,1.5,3.0,8.0,,
notification.config,0.0,25.0,2.0,0.0,4.0,0.0,1.0,12.0,51.0,1.0,0.0
notification.controller,0.0,300.0,0.0,2.0,2.0,0.0,1.153846154,15.0,79.0,0.0,1.0
notification.entity,0.0,0.0,8.0,0.0,2.0,0.0,1.0,2.0,30.0,1.0,0.0
notification.mq,0.0,200.0,1.0,2.0,2.0,0.0,1.0,2.0,56.0,0.333333333,0.666666667
notification.repository,1.0,0.0,1.0,1.0,1.0,1.0,1.333333333,4.0,5.0,0.5,0.5
notification.service,0.25,250.0,3.0,4.0,4.0,1.0,1.444444444,26.0,176.0,0.178571429,0.571428571
se.callista.microservises.workshop.zipkin,0.0,50.0,0.0,0.0,2.0,0.0,0.5,1.0,9.0,,
se.callista.microservises.support.oauth,0.0,50.0,0.0,0.0,2.0,0.0,0.6,3.0,35.0,,
se.callista.microservices.core.review,0.0,50.0,0.0,0.0,2.0,0.0,0.5,1.0,15.0,,
se.callista.microservices.core.review.service,0.0,0.0,0.0,0.0,1.0,0.0,2.5,10.0,37.0,,
se.callista.microservices.core.product,0.0,50.0,0.0,0.0,2.0,0.0,0.5,1.0,15.0,,
se.callista.microservices.core.product.service,0.0,0.0,0.0,0.0,1.0,0.0,2.25,9.0,30.0,,
se.callista.microservises.support.monitordashboard,0.0,0.0,0.0,0.0,1.0,0.0,1.333333333,4.0,16.0,,
se.callista.microservises.support.edge,0.0,0.0,0.0,0.0,1.0,0.0,1.0,2.0,20.0,,
se.callista.microservices.core.recommendation,0.0,50.0,0.0,0.0,2.0,0.0,0.5,1.0,15.0,,
se.callista.microservices.core.recommendation.service,0.0,0.0,0.0,0.0,1.0,0.0,2.25,9.0,34.0,,
se.callista.microservices.model,0.0,0.0,0.0,0.0,3.0,0.0,1.457142857,51.0,137.0,,
se.callista.microservices.util,0.2,0.0,0.0,0.0,5.0,1.0,1.754385965,33.333333333,153.0,,
se.callista.microservices.composite.product,0.0,50.0,0.0,0.0,2.0,0.0,0.666666667,2.0,18.0,,
se.callista.microservices.composite.product.model,0.0,75.0,2.0,0.0,4.0,0.0,1.666666667,35.0,105.0,1.0,0.0
se.callista.microservices.composite.product.service,0.0,166.666666667,0.0,2.0,3.0,0.0,3.381944444,81.166666667,213.0,0.0,1.0
se.callista.microservises.support.discovery,0.0,50.0,0.0,0.0,2.0,0.0,0.333333333,1.0,16.0,,
se.callista.microservises.support,0.0,50.0,0.0,0.0,2.0,0.0,0.5,1.0,11.0,,
se.callista.microservises.support.turbine,0.0,0.0,0.0,0.0,1.0,0.0,1.0,1.0,11.0,,
com.rohitghatol.microservices.task,0.0,0.0,0.0,0.0,1.0,0.0,1.0,1.0,5.0,,
com.rohitghatol.microservices.task.apis,0.0,200.0,0.0,2.0,2.0,0.0,1.8,9.0,40.0,0.0,1.0
com.rohitghatol.microservices.task.config,0.0,0.0,0.0,0.0,2.0,0.0,1.25,5.0,24.0,,
com.rohitghatol.microservices.task.dtos,0.0,100.0,1.0,1.0,1.0,0.0,1.3,19.5,112.0,0.5,0.5
com.rohitghatol.microservices.task.model,0.0,75.0,2.0,0.0,4.0,0.0,1.473684211,28.0,156.0,1.0,0.0
com.rohitghatol.microservice.auth,0.0,0.0,0.0,0.0,1.0,0.0,1.0,1.0,5.0,,
com.rohitghatol.microservice.auth.api,0.0,0.0,0.0,0.0,1.0,0.0,2.0,2.0,5.0,,
com.rohitghatol.microservice.auth.config,0.0,0.0,0.0,0.0,3.0,0.0,1.0,8.0,42.0,,
com.rohitghatol.microservices.portal,0.0,0.0,0.0,0.0,1.0,0.0,1.0,1.0,5.0,,
com.rohitghatol.microservices.comments,0.0,0.0,0.0,0.0,1.0,0.0,1.0,1.0,5.0,,
com.rohitghatol.microservices.comments.apis,0.0,100.0,0.0,1.0,1.0,0.0,1.5,3.0,16.0,0.0,1.0
com.rohitghatol.microservices.comments.config,0.0,0.0,0.0,0.0,1.0,0.0,1.0,2.0,8.0,,
com.rohitghatol.microservices.comments.dtos,0.0,50.0,1.0,0.0,2.0,0.0,1.5,18.0,88.0,1.0,0.0
com.rohitghatol.microservices.user,0.0,0.0,0.0,0.0,1.0,0.0,1.0,1.0,5.0,,
com.rohitghatol.microservices.user.apis,0.0,100.0,0.0,1.0,1.0,0.0,1.5,3.0,17.0,0.0,1.0
com.rohitghatol.microservices.user.config,0.0,0.0,0.0,0.0,1.0,0.0,1.0,2.0,8.0,,
com.rohitghatol.microservices.user.dto,0.0,0.0,1.0,0.0,1.0,0.0,1.384615385,18.0,101.0,1.0,0.0
com.rohitghatol.microservice.gateway,0.0,0.0,0.0,0.0,1.0,0.0,1.0,1.0,5.0,,
com.rohitghatol.microservice.gateway.config,0.0,0.0,0.0,0.0,1.0,0.0,1.0,4.0,18.0,,
com.rohitghatol.microservices.config,0.0,0.0,0.0,0.0,1.0,0.0,1.0,1.0,5.0,,
com.rohitghatol.microservices.registry,0.0,0.0,0.0,0.0,1.0,0.0,1.0,1.0,5.0,,
com.lcwd.service.registry,0.0,0.0,0.0,0.0,2.0,0.0,0.5,1.0,9.0,,
default,0.0,0.0,0.0,0.0,1.0,0.0,1.0,1.0,25.0,,
com.lcwd.gateway,0.0,0.0,0.0,0.0,2.0,0.0,0.5,1.0,9.0,,
com.cms.scaffold.txlcn,0.0,0.0,0.0,0.0,1.0,0.0,1.0,1.0,5.0,,
com.cms.scaffold.code.aspect,0.0,0.0,0.0,0.0,1.0,0.0,1.0,1.0,17.0,,
com.cms.scaffold.code.config.commonly,0.0,0.0,6.0,0.0,6.0,0.0,1.0,12.0,101.0,1.0,0.0
com.cms.scaffold.code.config.micro,0.0,0.0,0.0,0.0,2.0,0.0,1.8,9.0,56.0,,
com.cms.scaffold.code.mq.base,1.0,0.0,2.0,0.0,1.0,1.0,1.0,3.0,5.0,0.0,0.0
com.cms.scaffold.code.mq.builder,0.0,200.0,3.0,1.0,1.0,0.0,3.0,3.0,18.0,0.75,0.25
com.cms.scaffold.code.mq.core,0.0,100.0,2.0,4.0,5.0,0.0,1.987179487,25.833333333,174.0,0.333333333,0.666666667
com.cms.scaffold.code.mq.listener,0.0,0.0,0.0,1.0,1.0,0.0,3.0,3.0,47.0,0.0,1.0
com.cms.scaffold.code.mq.model,0.0,100.0,6.0,1.0,2.0,0.0,1.9,9.5,49.0,0.857142857,0.142857143
com.cms.scaffold.code.mq.model.sys,0.0,100.0,0.0,1.0,2.0,0.0,1.5,3.0,24.0,0.0,1.0
com.cms.scaffold.code.util,0.0,100.0,3.0,4.0,4.0,0.0,2.488505747,216.5,1160.0,0.428571429,0.571428571
com.cms.scaffold.zuul,0.0,0.0,0.0,0.0,1.0,0.0,1.0,1.0,5.0,,
com.cms.scaffold.route.app,0.0,0.0,0.0,0.0,1.0,0.0,1.0,1.0,5.0,,
com.cms.scaffold.config,0.0,0.0,0.0,0.0,2.0,0.0,1.0,2.0,11.0,,
com.cms.scaffold.route.openapi,0.0,0.0,0.0,0.0,1.0,0.0,1.0,1.0,5.0,,
com.cms.scaffold.eureka,0.0,0.0,0.0,0.0,1.0,0.0,1.0,1.0,5.0,,
com.cmd.scaffold.config,0.0,0.0,0.0,0.0,1.0,0.0,1.0,1.0,5.0,,
com.spring.netflix.oss.microservices,0.0,50.0,0.0,0.0,2.0,0.0,0.5,1.0,9.0,,
com.spring.netflix.oss.microservices.api,0.0,100.0,0.0,1.0,1.0,0.0,1.125,4.5,25.0,0.0,1.0
com.spring.netflix.oss.microservices.model,0.0,0.0,1.0,0.0,1.0,0.0,1.583333333,19.0,49.0,1.0,0.0
com.spring.netflix.oss.microservices,0.0,50.0,0.0,0.0,2.0,0.0,0.5,1.0,9.0,,
com.spring.netflix.oss.microservices.api,0.0,100.0,0.0,1.0,1.0,0.0,1.25,5.0,28.0,0.0,1.0
com.spring.netflix.oss.microservices.model,0.0,0.0,1.0,0.0,1.0,0.0,1.363636364,15.0,43.0,1.0,0.0
com.spring.netflix.oss.microservices,0.0,50.0,0.0,0.0,2.0,0.0,0.666666667,2.0,12.0,,
com.spring.netflix.oss.microservices,0.0,50.0,0.0,0.0,2.0,0.0,0.5,1.0,9.0,,
com.spring.netflix.oss.microservices,0.0,50.0,0.0,0.0,2.0,0.0,0.5,1.0,9.0,,
com.spring.netflix.oss.microservices.model,0.0,0.0,3.0,0.0,2.0,0.0,1.0,18.0,66.0,1.0,0.0
com.spring.netflix.oss.microservices.service,0.8,200.0,0.0,3.0,5.0,4.0,1.625,13.0,29.0,0.8,1.0
com.spring.netflix.oss.microservices,0.0,50.0,0.0,0.0,2.0,0.0,0.5,1.0,9.0,,
com.spring.netflix.oss.microservices,0.0,0.0,0.0,0.0,1.0,0.0,1.0,1.0,5.0,,
com.spring.netflix.oss.microservices,0.0,50.0,0.0,0.0,2.0,0.0,0.5,1.0,9.0,,
com.anilallewar.microservices.tracing,0.0,0.0,0.0,0.0,1.0,0.0,1.0,1.0,5.0,,
com.anilallewar.microservices.auth,0.0,0.0,0.0,0.0,1.0,0.0,1.0,1.0,5.0,,
com.anilallewar.microservices.auth.api,0.0,0.0,0.0,0.0,1.0,0.0,2.0,2.0,5.0,,
com.anilallewar.microservices.auth.config,0.0,0.0,0.0,2.0,4.0,0.0,1.0,15.0,95.0,0.0,1.0
com.anilallewar.microservices.auth.service,0.0,0.0,1.0,0.0,1.0,0.0,1.333333333,4.0,25.0,1.0,0.0
com.anilallewar.microservices.portal,0.0,0.0,0.0,0.0,1.0,0.0,1.0,2.0,8.0,,
com.anilallewar.microservices.comments,0.0,0.0,1.0,0.0,1.0,0.0,1.0,1.0,5.0,1.0,0.0
com.anilallewar.microservices.comments.apis,0.0,100.0,0.0,1.0,1.0,0.0,2.833333333,5.666666667,20.0,0.0,1.0
com.anilallewar.microservices.comments.contracts,1.0,100.0,0.0,1.0,1.0,1.0,1.0,2.0,10.0,1.0,1.0
com.anilallewar.microservices.comments.dtos,0.0,50.0,1.0,0.0,2.0,0.0,1.5,18.0,88.0,1.0,0.0
com.anilallewar.microservices.user,0.0,0.0,0.0,0.0,1.0,0.0,1.0,1.0,5.0,,
com.anilallewar.microservices.user.api,0.0,100.0,0.0,1.0,1.0,0.0,2.833333333,5.666666667,21.0,0.0,1.0
com.anilallewar.microservices.user.config,0.0,0.0,0.0,0.0,1.0,0.0,1.0,1.0,5.0,,
com.anilallewar.microservices.user.config.security,0.0,0.0,0.0,0.0,2.0,0.0,1.0,3.0,13.0,,
com.anilallewar.microservices.user.dto,0.0,0.0,1.0,0.0,1.0,0.0,1.384615385,18.0,101.0,1.0,0.0
com.anilallewar.microservices.gateway,0.0,0.0,0.0,0.0,1.0,0.0,1.0,1.0,5.0,,
com.anilallewar.microservices.gateway.config.bean,0.0,0.0,0.0,0.0,1.0,0.0,1.0,1.0,5.0,,
com.anilallewar.microservices.gateway.config.swagger,0.0,0.0,0.0,0.0,1.0,0.0,2.5,5.0,16.0,,
com.anilallewar.microservices.gateway.security,0.0,0.0,0.0,0.0,1.0,0.0,1.0,2.0,15.0,,
com.anilallewar.microservices.config,0.0,0.0,0.0,0.0,1.0,0.0,1.0,1.0,5.0,,
com.anilallewar.microservices.registry,0.0,0.0,0.0,0.0,1.0,0.0,1.0,1.0,5.0,,
com.alphalog.geocoder.monitoring,0.0,0.0,0.0,0.0,1.0,0.0,1.5,3.0,8.0,,
com.alphalog.geocoder.gateway,0.0,100.0,0.0,1.0,2.0,0.0,0.666666667,2.0,12.0,0.0,1.0
com.alphalog.geocoder.gateway.filter,0.0,0.0,1.0,0.0,1.0,0.0,1.0,4.0,18.0,1.0,0.0
com.alphalog.geocoder.loal.repository,0.0,300.0,0.0,1.0,1.0,0.0,1.0,2.0,15.0,0.0,1.0
com.alphalog.geocoder.loal.services,0.0,300.0,0.0,1.0,1.0,0.0,0.0,0.0,9.0,0.0,1.0
com.alphalog.geocoder.local,0.0,100.0,2.0,1.0,1.0,0.0,1.0,1.0,5.0,0.666666667,0.333333333
com.alphalog.geocoder.local.config,0.0,0.0,1.0,0.0,1.0,0.0,1.333333333,4.0,11.0,1.0,0.0
com.alphalog.geocoder.local.controller,0.0,200.0,0.0,1.0,1.0,0.0,5.0,5.0,8.0,0.0,1.0
com.alphalog.geocoder.local.model,0.0,0.0,8.0,0.0,1.0,0.0,1.263157895,24.0,143.0,1.0,0.0
com.alphalog.geocoder.local.repository,0.666666667,100.0,2.0,3.0,3.0,2.0,3.333333333,6.666666667,14.0,0.266666667,0.6
com.alphalog.geocoder.local.services,0.5,200.0,2.0,2.0,2.0,1.0,1.6,8.0,27.0,0.0,0.5
com.alphalog.geocoder.discovery,0.0,50.0,0.0,0.0,2.0,0.0,0.5,1.0,12.0,,
com.alphalog.geocoder.configurator,0.0,0.0,0.0,0.0,1.0,0.0,1.0,1.0,5.0,,
de.hska.iwi.vsys.microlab,0.0,0.0,0.0,0.0,2.0,0.0,1.0,2.0,11.0,,
de.hska.iwi.vsys.microlab.api,0.0,166.666666667,0.0,0.0,6.0,0.0,2.499101527,132.452380952,286.0,,
de.hska.iwi.vsys.microlab.swagger,0.0,0.0,0.0,0.0,1.0,0.0,1.25,2.5,8.0,,
io.swagger,0.0,0.0,0.0,0.0,2.0,0.0,1.0,3.0,22.0,,
io.swagger.api,0.25,75.0,0.0,2.0,8.0,2.0,1.868055556,44.833333333,131.0,0.25,1.0
io.swagger.configuration,0.0,0.0,0.0,0.0,2.0,0.0,1.166666667,3.5,14.0,,
io.swagger.manager,0.5,150.0,1.0,2.0,2.0,1.0,1.277777778,11.5,25.0,0.166666667,0.666666667
io.swagger.model,0.0,0.0,4.0,0.0,2.0,0.0,1.894927536,43.583333333,114.0,1.0,0.0
de.hska.iwi.vsys.microlab,0.0,75.0,0.0,0.0,4.0,0.0,1.4375,23.0,70.0,,
de.hska.iwi.vslab,0.0,100.0,0.0,1.0,1.0,0.0,0.0,0.0,4.0,0.0,1.0
de.hska.iwi.vsys.microlab,0.0,0.0,1.0,0.0,1.0,0.0,1.0,1.0,5.0,1.0,0.0
de.hska.iwi.oauth.server,0.0,0.0,0.0,0.0,1.0,0.0,1.0,1.0,5.0,,
de.hska.iwi.oauth.server.config,0.0,0.0,0.0,0.0,3.0,0.0,1.0,9.0,34.0,,
de.hska.iwi.oauth.server.controller,0.0,0.0,0.0,0.0,1.0,0.0,2.0,2.0,5.0,,
io.swagger,0.0,0.0,0.0,0.0,2.0,0.0,1.0,3.0,22.0,,
io.swagger.api,0.166666667,50.0,0.0,2.0,6.0,1.0,2.0,44.0,121.0,0.166666667,1.0
io.swagger.configuration,0.0,0.0,0.0,0.0,2.0,0.0,1.166666667,3.5,14.0,,
io.swagger.manager,0.5,150.0,0.0,2.0,2.0,1.0,2.515151515,27.666666667,41.0,0.5,1.0
io.swagger.model,0.0,0.0,4.0,0.0,2.0,0.0,2.388020833,76.416666667,150.0,1.0,0.0
de.hska.iwi.vsmlab,0.0,100.0,0.0,1.0,1.0,0.0,0.0,0.0,4.0,0.0,1.0
de.hska.iwi.vsys.microlab,0.0,0.0,1.0,0.0,1.0,0.0,1.0,2.0,21.0,1.0,0.0
io.swagger,0.0,0.0,0.0,0.0,2.0,0.0,1.0,3.0,22.0,,
io.swagger.api,0.25,62.5,0.0,4.0,8.0,2.0,1.666666667,35.0,122.0,0.25,1.0
io.swagger.configuration,0.0,0.0,0.0,0.0,2.0,0.0,1.166666667,3.5,14.0,,
io.swagger.model,0.0,0.0,4.0,0.0,3.0,0.0,2.450892857,117.642857143,225.0,1.0,0.0
com.microservice.gatewayservice,0.0,0.0,0.0,0.0,2.0,0.0,0.5,1.0,9.0,,
com.microservice.gatewayservice.authorization,0.0,0.0,1.0,0.0,1.0,0.0,3.0,3.0,17.0,1.0,0.0
com.microservice.gatewayservice.config,0.0,50.0,0.0,1.0,2.0,0.0,1.333333333,4.0,25.0,0.0,1.0
com.microservice.authservice,0.0,0.0,0.0,0.0,2.0,0.0,0.5,1.0,9.0,,
com.microservice.authservice.config,0.0,0.0,0.0,1.0,2.0,0.0,1.0,8.0,34.0,0.0,1.0
com.microservice.authservice.controller,0.0,0.0,0.0,0.0,1.0,0.0,1.0,1.0,8.0,,
com.microservice.authservice.service,1.0,0.0,1.0,0.0,1.0,1.0,2.0,6.0,5.0,0.0,0.0
com.microservice.authservice.service.impl,0.0,0.0,1.0,1.0,1.0,0.0,2.0,2.0,21.0,0.5,0.5
com.microservice.approvalservice,0.0,0.0,1.0,0.0,3.0,0.0,1.0,3.0,20.0,1.0,0.0
com.microservice.approvalservice.controller,0.0,100.0,0.0,1.0,1.0,0.0,4.0,20.0,28.0,0.0,1.0
com.microservice.approvalservice.entity,0.0,0.0,3.0,0.0,4.0,0.0,1.0,16.0,74.0,1.0,0.0
com.microservice.approvalservice.mapper,1.0,0.0,1.0,2.0,2.0,2.0,2.0,12.0,10.0,0.666666667,0.666666667
com.microservice.approvalservice.service,0.75,25.0,3.0,0.0,4.0,3.0,3.2,32.0,36.0,0.25,0.0
com.microservice.approvalservice.service.impl,0.0,600.0,0.0,2.0,2.0,0.0,3.333333333,30.0,177.0,0.0,1.0
com.microservice.messageservice,0.0,0.0,0.0,0.0,3.0,0.0,1.0,3.0,20.0,,
com.microservice.messageservice.controller,0.0,150.0,0.0,2.0,2.0,0.0,1.5,6.0,18.0,0.0,1.0
com.microservice.messageservice.entity,0.0,0.0,5.0,0.0,2.0,0.0,1.0,8.0,38.0,1.0,0.0
com.microservice.messageservice.mapper,1.0,0.0,1.0,1.0,1.0,1.0,2.0,2.0,3.0,0.5,0.5
com.microservice.messageservice.service,0.0,300.0,0.0,3.0,3.0,0.0,6.1,42.7,101.0,0.0,1.0
com.microservice.messageservice.service.impl,1.0,33.333333333,5.0,1.0,3.0,3.0,1.666666667,10.0,12.0,0.166666667,0.166666667
com.ewolff.microservice.turbine,0.0,0.0,0.0,0.0,1.0,0.0,1.0,1.0,5.0,,
com.ewolff.microservice.customer,0.166666667,83.333333333,2.0,0.0,6.0,1.0,1.741935484,54.0,150.0,0.833333333,0.0
com.ewolff.microservice.customer.cdc,0.0,100.0,0.0,1.0,4.0,0.0,1.975308642,53.333333333,141.0,0.0,1.0
com.ewolff.microservice.customer.web,0.0,200.0,0.0,1.0,1.0,0.0,2.142857143,15.0,28.0,0.0,1.0
com.ewolff.microservice.order,0.0,0.0,3.0,0.0,2.0,0.0,1.0,2.0,12.0,1.0,0.0
com.ewolff.microservice.order.catalogstub,0.0,100.0,0.0,1.0,1.0,0.0,1.5,3.0,11.0,0.0,1.0
com.ewolff.microservice.order.clients,0.0,33.333333333,5.0,0.0,6.0,0.0,1.596296296,71.833333333,230.0,1.0,0.0
com.ewolff.microservice.order.customerstub,0.0,100.0,0.0,1.0,1.0,0.0,1.5,3.0,11.0,0.0,1.0
com.ewolff.microservice.order.logic,0.111111111,288.888888889,0.0,7.0,9.0,1.0,2.270833333,109.0,239.0,0.111111111,1.0
com.ewolff.microservice.catalog,0.142857143,100.0,2.0,0.0,7.0,1.0,1.461538462,38.0,122.0,0.857142857,0.0
com.ewolff.microservice.catalog.cdc,0.0,100.0,0.0,1.0,4.0,0.0,1.625,32.5,102.0,0.0,1.0
com.ewolff.microservice.catalog.web,0.0,200.0,0.0,1.0,1.0,0.0,1.777777778,16.0,34.0,0.0,1.0
com.ewolff.microservice.eurekaserver,0.0,50.0,0.0,0.0,2.0,0.0,0.333333333,1.0,17.0,,
com.ewolff.microservice.zuulserver,0.0,0.0,0.0,0.0,1.0,0.0,1.0,1.0,5.0,,
